0.0228131
-0.0396395
-0.0487125
0.00468186
-0.00140504
0.140179
0.00995264
0.0359746
-0.0228054
-0.0386946
-0.0287163
-0.0651478
0.011437
-0.0355741
0.0330212
0.0554907
0.0182583
-0.0313835
0.0119648
-0.023096
-0.0634642
0.0194217
0.0131631
0.0349756
0.0671725
0.0641005
-0.073445
0.106664
-0.0181582
0.0189767
-0.0861465
0.0086075
0.00383968
-0.047909
0.0441544
0.053945
-0.0173797
0.0513348
-0.0450114
0.0360031
-0.0200515
-0.0829189
0.0455133
-0.0162448
0.0426257
0.11991
0.0514571
-0.0665473
0.0329673
0.059407
-0.0641841
-0.0310694
-0.0117796
0.04274
-0.0242683
-0.0840802
-0.0137827
0.0449605
-0.0183481
-0.00190988
-0.0371391
-0.0430934
-0.0228709
-0.0564899
-0.0241476
-0.047539
-0.0957116
-0.0473359
3.97296e-05
-0.0540396
-0.0477504
0.103089
-0.0815361
-0.023434
0.0315107
0.0614409
-0.0857453
-0.0137205
-0.0373755
-0.0544103
-0.0696799
0.0187131
-0.0489944
0.0882568
0.0230578
0.00103633
0.0102548
0.00858228
-0.00234274
-0.0213467
0.0414739
-0.0237647
0.0386153
-0.107867
0.0293163
0.0122036
-0.0108138
-0.0439797
0.0305193
0.0394128
0.0499518
0.0117624
-0.0945777
0.0140299
0.0158422
0.0664095
0.0537238
0.070707
0.0119735
-0.011914
0.058233
0.073227
-0.0111621
-0.0811749
0.0223715
-0.0076614
-0.0219585
0.0558883
-0.086782
0.056355
-0.0157927
0.091392
0.00632249
0.110458
-0.0369409
-0.065878
-0.088372
0.00854231
0.0695373
-0.000224054
0.0217468
0.0143166
0.102741
-0.0445453
0.0583904
0.0329273
0.0134819
0.0362695
-0.0168836
0.0645306
-0.0305893
0.0350262
0.0463128
-0.00939118
0.0689985
-0.00335589
0.0180471
-0.0401345
-0.0248581
0.0572053
0.00756586
0.0752933
0.0201033
-0.0386028
0.0188444
-0.0381124
-0.0071579
0.125457
-0.0890726
0.0997317
-0.0410718
-0.0235408
-0.0521859
-0.0185967
0.0265662
0.0264492
0.0422123
0.0296154
-0.111267
0.045021
0.0516626
0.0516983
-0.0185389
0.0896538
0.0246999
0.0449651
0.0419787
0.0237327
-0.00994944
-0.00732465
0.0656268
0.0060673
0.0650172
0.0635274
0.0857499
0.0102496
-0.0923437
0.0326623
0.0669472
-0.0329316
-0.0231044
-0.0157547
0.0558798
-0.00969735
0.0215341
-0.0723238
-0.0232269
0.0336335
0.0418721
0.00641089
-0.0404248
0.0327717
-0.0416695
-0.00142296
0.0267074
0.0264474
-0.0237984
0.0224186
0.0575177
0.0230114
-0.0823535
0.0217281
-0.0174312
-0.0265261
-0.0584263
0.0364042
-0.0146377
0.0595828
-0.0298749
-0.0554531
0.0301248
0.0199663
-0.0151797
-0.00565583
0.0679002
-0.0476708
-0.00413312
0.0161611
0.0901936
0.0188798
-0.0336471
0.0612294
0.0309231
-0.024147
0.0351033
0.0407578
0.0278107
0.015175
0.0105622
0.00591884
-0.0679883
-0.0265317
0.0488544
0.0552945
-0.0252648
0.0448173
0.0168225
0.00790096
0.0481413
-0.0120566
0.0762309
-0.038214
-0.0239539
-0.0598324
-0.0110556
0.0530552
-0.00287488
0.02026
-0.0131209
-0.00392787
0.0206597
0.0197184
-0.02944
0.0801414
-0.00202861
-0.0287692
0.0152993
-0.0778218
0.0616861
0.0195715
0.0266536
0.0105064
0.0378984
-0.00641785
-0.0272483
0.0664738
0.00541166
0.00434426
-0.0389194
-0.0557752
0.0491224
-0.00639825
0.029441
-0.0798279
0.0285985
0.00798101
-0.047744
-0.0620228
0.0341675
-0.0570348
0.00333698
0.0344647
-0.0679252
-0.00135888
-0.00620752
-0.0400107
-0.0199221
-0.0527817
0.00616287
-0.0665751
0.00526668
0.0179411
0.0325055
-0.037707
-0.0140548
0.00658389
-0.00208579
0.00977203
0.00900549
0.0248751
-0.0459398
0.0170482
0.0263687
0.0585269
-0.00325335
-0.0100585
-0.0775528
0.0101658
0.0124167
-0.0754475
0.00474168
-0.02777
-0.0636507
-0.0178731
-0.0977715
-0.059291
0.0636412
-0.0517071
-0.0530341
-0.0702071
0.0837201
-0.0244413
-0.00892248
0.00788764
-0.107368
0.0108124
-0.0231287
-0.0356472
0.0292435
0.0194999
-0.0731503
0.0061815
0.0797262
-0.00858748
0.0798189
-0.0555938
0.0764585
-0.0495509
-0.00527255
-0.0180638
0.0169791
0.0419128
-0.0304169
0.0332132
-0.0673098
0.0168657
0.00337237
0.0346638
-0.0153187
0.0197556
-0.0969881
0.056392
0.0167892
0.0619053
-0.143394
-0.0125019
-0.024388
-0.0334016
-0.0121449
0.0652853
-0.0249728
0.0182462
0.0405059
0.0523569
0.0288205
0.0385124
0.0278663
-0.0151911
-0.071256
0.0180093
-0.0423669
-0.0283308
0.0694335
-0.0456996
0.0282699
0.0772481
-0.0179235
-0.0380396
-0.00570504
-0.00320705
-0.0623813
0.0199419
-0.0583586
-0.00633296
-0.0155347
-0.0253004
0.0588063
-0.0693761
-0.00275595
-0.119305
-0.061458
-0.0666432
-0.0440344
-0.017537
0.0626781
0.0655805
0.0734831
0.0171019
-0.0620229
0.0531202
0.0414402
0.00634884
0.00672195
0.0427094
-0.0212455
-0.0650733
0.0224277
-0.0225276
0.0167441
0.110159
-0.0601535
-0.0798144
0.0096041
-0.0186779
-0.0324833
-0.0076041
-0.0494257
-0.11008
0.1335
-0.0261099
-0.0517878
0.0224723
-0.0718225
-0.0521831
-0.0435075
-0.0216191
0.0460513
-0.0439253
0.0156105
-0.123306
0.0460761
-0.0250667
0.00434993
-0.0203273
0.05723
0.00454068
-1.43468e-05
-0.0382704
-0.0235721
0.00704569
0.0938634
-0.000980207
-0.0118312
0.0224452
0.078126
0.0472216
-0.0530261
0.0532153
0.0278494
0.0179434
0.00820654
-0.0261309
-0.0621962
-0.0152506
-0.0471177
-0.1102
-0.0227535
0.035635
0.0397283
-0.0566691
-0.0176637
0.0189742
-0.0561189
0.00298979
-0.0467407
-0.0302656
0.0433719
-0.0368855
0.093099
0.00543328
0.0264897
0.0100084
0.0906134
0.00219144
-0.00304659
-0.0490263
0.0222365
-0.0156572
-0.0600024
0.0111855
-0.0931584
-0.013764
0.00884969
-0.0327633
0.0136509
0.00442836
0.00496701
0.0390412
-0.0129947
0.0183162
-0.0249087
0.0343559
0.036732
-0.0765358
0.116472
-0.108294
0.0600499
-0.0734488
-0.000237054
0.0362114
-0.0446628
0.0408679
-0.0305779
-0.0172777
-0.0295198
-0.00807033
-0.0337246
-0.0379983
0.00265876
0.0320275
-0.00121144
0.0379263
-0.0407539
-0.0197057
-0.0322437
-0.00395275
0.065671
0.061054
0.0142777
0.000765586
0.0515004
-0.0373614
0.0350862
0.0235141
-0.0135485
0.0683937
-0.0305733
-0.00373059
-0.0129128
0.017024
0.020864
0.0493503
-0.00375806
0.0246574
0.00793302
0.00271123
0.0916337
-0.0315164
0.0420485
-0.0444812
0.102884
0.0511866
0.0366601
0.00638784
-0.0276473
0.0267558
-0.034804
0.0197864
-0.0546055
-0.0458745
0.0289689
0.00333364
0.0562935
-0.0104337
-0.0584054
-0.0529604
-0.0720952
-0.0150206
0.0706473
-0.0358224
0.0754403
-0.0409215
0.0773551
0.0155267
0.00789577
0.022454
-0.0453919
0.055131
-0.0251719
0.0126359
-0.00666175
0.00237405
-0.0548763
0.0531985
-0.0202377
-0.121181
-0.0555259
0.0372613
0.0237257
0.0504108
-0.0387715
0.0609516
-0.0100607
-0.0561649
0.027224
-0.0930467
0.0299998
0.100009
-0.0839795
0.00572948
0.024425
-0.0404693
-0.00466113
-0.112566
0.0222927
0.0572135
-0.0549214
-0.0318642
-0.101917
0.03424
-0.0177533
-0.0814262
0.10417
0.0492144
0.088255
0.00660621
0.0310507
-0.0417326
0.0452469
-0.00938871
-0.0322189
-0.0497261
-0.0799451
-0.0426923
0.010871
-0.0612379
0.128186
0.0276387
-0.0167684
-0.0479465
-0.0241411
-0.0219644
0.0962012
-0.0342285
-0.00883978
0.0606269
0.000936439
0.0117341
-0.0174896
0.0111616
0.0308252
-0.0327547
-0.031496
0.0457471
-0.00737969
0.00212214
0.0334568
0.00345907
0.0698866
-0.0533524
0.0298668
0.0552846
-0.0485335
0.0468309
-0.0318617
0.0537901
0.00955934
-0.0624935
0.0535021
-0.0400672
0.0994209
0.0609616
-0.0315238
-0.0555598
-0.0556069
0.031853
0.0337176
0.0540051
0.0498256
-0.0799247
-0.0568274
-0.0115273
0.0352299
0.0246686
0.019681
0.00589457
-0.028793
0.0468194
0.030174
-0.0531706
-0.079849
-0.0516075
0.0489628
0.0536833
-0.0305261
0.0398607
0.0478471
0.0580181
-0.00426847
-0.118461
-0.0199341
0.0566546
0.0637747
0.01714
0.0234338
0.0276482
-0.0271045
0.0404627
0.0138793
-0.0115942
0.0526268
0.0250068
0.00280372
-0.0310925
-0.0368566
0.0407417
-0.07606
-0.0276665
-0.00259925
-0.0149005
0.0205024
0.0821428
-0.0694383
0.0326528
-0.0895847
-0.052801
-0.0669526
0.0198395
-0.00754612
-0.00522263
0.0619434
-0.00902171
0.0285305
0.0577049
-0.0567369
-0.0154009
-0.0782197
0.0196003
0.100268
0.00123791
-0.0195101
0.0344572
-0.00999247
-0.0880052
0.0389394
0.0172822
-0.0658334
-0.0496712
0.10088
0.0216106
-0.0399709
-0.0298045
0.0340004
0.0256555
0.00791358
0.0519267
-0.0316879
0.0761191
-0.0810288
-0.0173783
-0.0856259
-0.00335318
0.0189736
0.0446036
-0.0429632
-0.0274059
-0.0192534
0.0265502
0.0482227
0.070922
0.0327665
0.0235641
0.0126028
0.000528474
0.0109023
-0.045835
-0.0217465
0.0200163
-0.0309888
-0.0118587
0.0295266
0.0659932
-0.00641632
-0.0541536
-0.0516521
-0.069292
-0.00592427
-0.0354433
0.0154445
0.0240538
0.0277457
0.0218954
0.00313085
-0.0541573
0.0260175
-0.0165757
0.0343297
-0.00958665
0.0549352
-0.0829757
-0.0956567
0.0562013
0.0159331
0.152982
0.0149473
0.0334211
-0.009088
0.0391116
-0.00107949
-0.023727
0.00274838
-0.0454037
-0.0649514
0.00450219
-0.0832765
-0.070043
-0.0327346
-0.0906508
0.0441919
0.0559326
0.0335592
0.000114583
0.0231801
-0.0898376
0.0562478
0.0304247
-0.0295388
0.00719697
0.00522146
-0.099588
-0.0219012
-0.0610026
-0.00398346
0.122492
0.0428458
0.0749283
-0.00996615
-0.0544837
0.0406096
0.0552089
0.0653176
0.0304973
-0.0239463
-0.0899546
-0.0183953
-0.0244597
-0.0200243
0.0417719
0.0262453
0.0182321
0.0543086
0.0155055
-0.043116
0.0181055
0.0217528
0.0657741
-0.0379591
-0.0116049
0.0345237
0.0640353
-0.0629387
0.0672117
0.00810061
-0.0847339
-0.0621358
-0.0105974
0.00184748
0.0271705
0.0260595
0.0257908
-0.0751914
0.011815
-0.0490839
0.0168339
-0.00884046
0.0694904
-0.01026
-0.0716437
0.0308178
0.0679577
0.0101109
0.0280972
-0.0283466
-0.0172998
0.0882243
-0.0166705
-0.0300128
-0.00249625
-0.0818578
-0.0436337
-0.00700801
-0.0213336
-0.000306299
0.0166389
-0.0453796
0.0932694
-0.0462545
0.0298475
0.00694581
-0.132831
0.0697698
-0.0354353
-0.0346899
-0.0223267
0.0137846
0.127828
-0.0487973
0.0448612
-0.0231469
-0.0290106
0.0329632
0.00374196
-0.0159715
-0.0506445
0.054148
0.0491586
0.00659008
0.0419871
-0.00415521
0.0275552
0.031502
0.0689219
0.00511636
-0.0244799
-0.00302718
-0.0149701
-0.0242455
0.0313696
0.0071225
0.0422404
-0.0281719
-0.0150492
-0.0239081
0.0555443
0.0294345
-0.0201856
-0.00735652
0.00592111
0.0713707
0.017318
0.00421498
-0.0201179
0.0284278
0.080052
0.064532
-0.0178466
0.0268218
-0.0652694
0.114885
0.000859989
-0.0632931
-0.0405139
-0.0287271
0.0263762
-0.0593554
0.0422893
0.0587148
0.0730193
-0.0359173
0.031811
-0.0118343
0.0955558
-0.00293833
-0.042248
0.00987672
-0.0833974
0.063044
0.00621716
-0.0148849
-0.0418655
0.0847913
-0.0156342
0.036415
0.0230163
-0.0239487
-0.0497594
0.0316862
-0.0355154
0.0260256
0.0208954
-0.003206
-0.0171401
0.044243
-0.000315701
0.0624439
0.107793
0.00422193
0.065923
0.0222789
-0.0119684
-0.0150617
0.00464994
-0.0355189
-0.0510052
0.0719412
-0.00771904
0.0270187
0.0486542
-0.00881753
-0.00476515
-0.0407466
0.0238449
-0.0814738
-0.0498379
0.0449536
-0.0436692
0.00817968
-0.0370943
0.0287492
-0.0580474
-0.0214507
-0.0182326
-0.0346942
-0.0488051
0.0709245
-0.0243003
0.00334446
-0.00633608
-0.0359929
-0.00895781
-0.0572622
-0.000290229
0.02151
-0.0645447
0.027375
0.0543817
0.00327921
0.0477183
-0.00175642
0.08006
-0.0852694
-0.043197
-0.0568259
0.082607
0.0489008
0.010089
0.0219957
-0.00868727
0.0372277
0.0100863
-0.0491875
0.0210968
-0.000857576
0.0347665
0.00545833
-0.0118172
-0.00908015
-0.0213983
-0.0470673
-0.00645449
-0.0128274
-0.0312728
0.00530937
0.0327793
-0.0168427
-0.00865183
-0.0555307
-0.0906324
0.0556463
0.0254423
0.0402526
0.0473166
0.0333257
0.0312947
0.0906133
-0.0476936
0.0561158
0.0401588
0.0325748
-0.0391368
-0.0538511
0.0265921
0.0554833
-0.0711249
0.0164819
-0.0395087
-0.0374992
-0.00718501
-0.0927888
-0.0652522
-0.0784964
0.0272296
0.0806746
-0.0331075
0.1105
0.00410147
0.0235899
-0.0550172
0.00662757
0.0185267
-0.0309647
0.0372976
-0.021988
-0.0864506
-0.0163539
0.00613312
0.0422142
-0.0163487
0.00652505
0.0323668
0.0512743
0.0631775
0.0537084
-0.0950353
-0.044247
0.0403298
-0.0244502
-0.0414759
0.0106909
-0.00190984
-0.0478969
0.01021
0.0252998
-0.00722921
-0.0783085
-0.0202823
0.0461066
-0.00552275
-0.012636
-0.0261443
-0.0569316
-0.0174714
-0.00794887
-0.016937
-0.0369008
0.0132362
0.0250781
0.0164025
-0.0125665
0.0216205
-0.0257468
-0.0082276
-0.0887154
-0.00868493
-0.109429
0.0880641
0.0365876
0.0228503
0.0071838
-0.0498974
-0.0693413
0.0443761
-0.0821862
-0.0206656
0.0193308
-0.00028679
-0.0763669
0.069721
0.120803
0.123174
0.0481044
-0.0124123
0.0177245
-0.00135244
0.00383872
0.0104283
-0.0514204
-0.0171435
0.01445
-0.0658889
0.0483431
-0.0788972
0.0137629
-0.0844267
-0.0535662
0.0978256
0.0112223
-0.0608537
-0.0384802
-0.0517269
0.0587427
-0.0905419
0.040094
-0.0192594
0.0707705
-0.0102211
0.0975365
-0.0171046
-0.0467199
0.0181181
0.0159706
-0.00590603
-0.0405203
0.0150173
0.0300531
0.0190555
-0.0301531
-0.0667681
0.000425158
-0.0162972
-0.0301528
-0.0390242
-0.119625
-0.0337081
0.0361458
-0.0715837
0.015485
0.0644908
0.0697387
0.0451131
0.0522816
-0.0616687
-0.0552996
-0.0322483
0.0649533
0.0334121
0.0234653
-0.00492357
-0.0656793
0.0391237
-0.0606073
0.0362514
-0.145114
-0.00135087
0.102092
-0.0051049
-0.0133751
0.00160944
-0.0137195
0.0253757
-0.0217817
0.0576175
-0.0478218
0.0296681
0.0100395
-0.0056783
0.0402734
0.0751121
0.0529101
0.0201677
0.0363444
-0.0132192
0.0012282
0.0214399
0.0591241
-0.00740829
0.13266
-0.0140055
-0.0079918
-0.00884573
0.0883677
-0.0510023
-0.0647663
0.0306993
-0.0261794
0.0196291
0.0137001
0.0791551
0.0182733
0.0275842
0.088483
-0.0545135
0.0284195
0.0196302
-0.00345203
-0.0673009
-0.0458486
-0.00635548
-0.0292819
-0.0280464
-0.0137716
-0.0117711
0.00279428
-0.0543114
-0.0369143
-0.00562489
0.0894379
0.0358853
-0.00811733
-0.0332231
-0.00442076
-0.0250117
0.036368
-0.00971967
0.086348
0.0557387
0.0914243
0.0440044
0.0554264
-0.0472208
0.0113254
-0.0279345
0.0192885
0.0627235
-0.0336949
0.0474212
0.00514244
0.00840409
-0.0160001
-0.0183474
0.02874
-0.112863
-0.012161
0.0078396
-0.063833
-0.00803482
0.0610717
0.0632824
0.0625857
-0.0663186
-0.083835
0.00122294
0.0353361
-0.0379422
0.105911
-0.00933198
0.0751384
-0.0297032
0.0284264
0.0697152
0.0788335
-0.0374816
-0.0595088
-0.0440838
0.0547604
-0.0512736
-0.0206326
0.0197376
-0.0151719
-0.0163314
-0.0291798
-0.0719961
-0.0197567
-0.0474508
0.0165223
-0.00874084
0.0138671
-0.024132
0.024793
0.000866862
-0.0243783
0.00585094
0.0180176
0.0492647
0.037038
-0.00236177
0.0429595
0.0846632
0.0219923
0.00460596
0.0463447
0.0408175
0.0305847
0.00904968
-0.0377792
-0.0680857
0.0762635
0.0799036
-0.113231
-0.0260146
-0.0701443
0.0561268
-0.0736596
0.00970664
-0.0552537
0.0231835
0.0759778
0.0159242
0.00178281
-0.00762722
0.0104514
-0.0100131
-0.0300449
0.0361855
0.0485369
0.027719
0.0769165
-0.0105365
0.0402818
-0.0386682
0.0206211
0.0270673
-0.0377543
-0.0219636
0.037123
0.0297762
0.0473616
-0.00748134
-0.00261916
-0.0129136
0.0388455
-0.0313383
-0.0285784
0.0147843
0.0289662
0.0172372
0.0920183
0.0140431
-0.0176604
0.0711234
-0.0420719
0.0496639
0.0419254
0.0238183
-0.0348074
0.0221276
-0.0312994
0.0986451
-0.00655761
0.061967
-0.00721767
0.0182054
0.0292138
0.00511098
0.119593
0.0238551
0.0528181
0.01425
0.0292351
-0.0107738
0.0161999
0.00331076
-0.0655041
-0.0900075
0.134413
0.0344763
0.0446948
-0.04166
0.0291542
-0.0235284
-0.05513
0.0459088
0.00502101
-0.0084249
-0.0290541
0.0373994
0.0430683
0.0557375
-0.000502194
0.00071845
0.00401467
0.0486304
0.0215077
-0.049396
0.0244219
-0.0616092
0.115968
0.0266315
0.0195875
0.0233277
-0.0216085
0.017622
0.0171832
-0.00691734
-0.015868
-0.0172136
-0.0378817
0.0557622
0.0631418
-0.0417009
-0.030865
-0.01602
-0.000170985
-0.0373644
0.017374
0.106613
0.0941787
0.00760527
0.00621358
0.0322355
-0.0828864
0.0504611
-0.0503122
-0.000778217
0.000879979
-0.0571751
-0.0859859
-0.0218951
0.0611592
-0.0146653
-0.0268412
0.10601
0.0208427
0.0753134
0.0205003
-0.0117572
0.0318227
0.0146083
0.0690554
-0.130049
0.0754154
0.0280653
0.0451056
-0.0385774
-0.00898298
-0.0189367
-0.0217994
0.111332
-0.0634183
0.0817643
0.0510923
-0.15169
-0.145455
-0.00238532
0.0420125
0.0775687
-0.035833
0.0455353
0.00590432
-0.0490119
0.0391433
0.102161
0.0384778
0.107851
0.0727495
0.104647
-0.0202844
-0.040387
-0.0162841
0.0397571
0.022461
0.0613484
-0.0572804
0.0423933
-0.0252563
0.0409965
-0.0265217
-0.0508426
0.0345045
0.0062285
-0.0651483
0.0447876
0.0265354
-0.015359
-0.0551247
0.0156454
0.0342905
-0.0173819
0.0189156
0.0466462
0.0118352
-0.00899486
0.114284
-0.0699697
-0.0171218
-0.0287238
0.00335144
-0.0766028
0.0499141
-0.0335661
-0.00683813
-0.032026
0.0449673
0.0489309
-0.00237813
0.0046713
0.0372097
0.0770592
0.0679907
0.0248197
-0.0487946
0.0352144
0.0676617
0.0891682
-0.0070304
0.0677169
-0.0793719
0.00115676
0.0518109
-0.0496256
-0.038673
0.0822438
0.00899321
-0.0109619
0.0194787
0.101095
-0.0284888
-0.0214502
-0.00637102
-0.0381563
0.017187
-0.00986691
0.0352935
-0.0743291
0.072689
-0.0384806
0.0677175
-0.014604
-0.00501276
-0.0229473
-0.0828386
-0.0415075
-0.0056171
0.0314681
0.0610958
-0.0634456
-0.0464502
0.0757092
0.0788275
-0.0601331
0.0896302
-0.00486677
-0.0242327
0.0884518
-0.076839
0.0466489
-0.0893798
-0.0502205
-0.0121826
0.00914954
-0.0581473
0.0132344
-0.0627273
-0.025473
-0.00234052
0.00265186
-0.00637823
0.00951125
-0.0295878
0.0581167
-0.00864139
0.020952
-0.0667842
-0.154683
0.00636799
0.0161155
-0.0149605
-0.00851784
-0.0912641
-0.0488416
0.00695198
0.0580046
-0.0477063
0.0188984
0.00201848
0.0336531
-0.00609791
0.0664277
0.0514297
0.0383336
0.0177191
0.0143188
0.0456473
0.0912329
0.02161
-0.0790634
0.0148021
0.00569532
-0.00117109
0.0175287
0.0461084
-0.00910221
0.0441714
-0.0580358
0.0236084
0.00120893
-0.0445017
0.0155126
-0.00480724
-0.0731694
-0.0306812
-0.0326055
-0.00253431
0.00173102
0.0595573
-0.00187944
-0.0907575
-0.011251
0.0372688
-0.0366764
0.000870845
-0.00235729
-0.0223093
-0.0410877
-0.0720213
0.0191205
0.00112562
0.00653743
-0.0665924
-0.0110839
0.0440333
0.0357324
-0.0313589
-0.0452735
-0.036091
0.0217354
-0.0499359
0.0337803
0.0482741
-0.0495873
-0.0592382
-0.0371809
-0.0916561
0.00340666
0.039261
0.0122609
-0.0627049
-0.0348758
-0.0207892
0.00338159
0.0210683
-0.00144582
-0.0241373
-0.0669267
-0.0550549
-0.0257529
0.0197643
0.0219965
0.0853638
0.0470353
-0.0144475
0.0096994
-0.0146177
0.0465595
-0.0102794
0.0180573
-0.10353
0.0186505
-0.0452402
0.0416443
-0.00597262
0.0336686
0.106786
0.101383
0.0180872
0.0379206
-0.0500107
-0.000684333
-0.0365557
0.016166
-0.006687
0.0113365
0.0526347
-0.0215878
0.0486231
-0.0258613
-0.0248371
-0.0471711
0.0299477
-0.0401401
0.0374517
-0.0374965
-0.0403424
0.0237514
-0.0609342
-0.00277474
0.138608
0.0459968
-0.00857187
-0.00732967
0.0932212
0.016207
-0.0317752
-0.0297349
0.0561708
0.0325433
0.0236036
0.00344735
-0.0240121
-0.0753566
-0.0351132
-0.0278774
0.100424
-0.0546097
0.0619812
-0.0223083
0.0521075
0.050115
-0.0878303
0.0444242
-0.108776
0.0525635
0.028603
-0.0192213
-0.0114903
0.0437234
-0.00461048
0.0594936
0.020376
-0.0399892
0.0375416
-0.0147928
0.0546237
-0.0220491
-0.0180133
0.0628192
0.0216539
0.00295626
0.0792031
0.0305675
0.0522947
-0.0314663
0.0519216
0.0850655
-0.0145439
-0.00333023
0.00079961
-0.0209864
-0.0010397
-0.0052089
0.03886
0.0253448
-0.104618
0.00295961
0.0251682
0.0137443
-0.00940968
-0.0191671
0.0196439
-0.0864658
0.0128307
0.0321166
-0.034366
-0.0982196
-0.0500666
-0.0331305
-0.0736688
-0.0177593
0.0619729
-0.0279979
-0.0363589
0.092927
0.00166855
0.00899466
0.0326044
0.0630481
0.068373
-0.0306653
-0.0484623
-0.0267652
0.0444671
0.0179487
0.034293
0.0743865
0.0472297
-0.0047442
0.0681746
-0.0227447
0.0124125
-0.0834617
-0.0301941
-0.0232084
-0.0585471
0.0602923
-0.0791132
0.00355775
0.0345952
-0.062876
-0.00796339
0.0245549
0.00542848
-0.0214004
0.00171409
-0.0950525
-0.059648
0.0122104
-0.0173649
-0.00475492
-0.0690723
0.109352
-0.0147043
0.0430942
0.0153361
-0.0371549
-0.034974
-0.039786
0.047231
-0.00805023
0.0406575
-0.0596777
-0.0800879
0.0115136
-0.0291625
0.0322871
-0.0535737
-0.0426143
0.00191194
-0.0936137
-0.0461117
0.00185756
-0.0819889
-0.0294761
0.0681296
-0.0199218
-0.0828045
-0.0282364
0.0102734
0.0691988
0.0263179
0.00490935
-0.00379832
-0.0444651
0.0262343
-0.0537937
0.0317708
0.0509009
0.0636546
0.0557737
-0.0168916
-0.0481562
-0.0168016
0.000178477
0.00593376
0.0511522
-0.0454869
0.00686816
-0.00574682
-0.0123754
-0.0107289
0.0153481
0.0204031
0.0560489
0.0407684
0.0804134
0.0390145
-0.0305892
-0.0431743
0.000453488
-0.0947625
0.0368843
0.00400121
-0.0226149
-0.00961788
-0.0135046
0.00809574
0.0111793
-0.0422231
-0.0484662
0.0294842
0.0894551
-0.0562815
-0.00583202
0.0330646
0.00774212
-0.0151087
0.0461373
-0.109303
0.0705103
-0.0498563
0.0590768
-0.0486089
-0.0172822
-0.0185967
0.106508
0.114891
0.0303316
0.0343895
0.00295834
0.0636199
-0.00546511
0.0045552
-0.0285248
0.0448515
0.0280127
0.00757026
-0.0116445
0.0538497
0.0822839
0.103806
-0.00722305
0.0176012
-0.108656
0.035284
0.0983009
0.0185665
0.0345265
0.0127034
-0.0255027
0.0160454
0.0185662
-0.0627397
-0.0236631
0.0966111
0.00748685
0.0583131
-0.0290422
-0.0945677
-0.00254639
-0.0217544
-0.0210963
0.00870045
-0.00372648
-0.0766312
-0.0122949
-0.0874348
-0.0412968
-0.0201862
0.0453692
0.024672
0.0952953
-0.0657724
-0.0130313
-0.0513793
-0.00779675
-0.070708
0.0147954
-0.108762
-0.0241182
0.0264732
-0.0166289
0.00722836
-0.0383908
-0.0139269
-0.00336481
0.0710671
-0.0710999
-0.0016546
-0.0408865
-0.120434
0.0266022
0.0733225
-0.0226217
-0.024236
-0.000354766
0.0325853
-0.0665799
-0.036949
0.0197009
0.0985132
0.0313805
-0.0710492
0.0409417
0.0732116
0.00962843
0.123197
0.0504057
0.00426895
0.0568309
0.11434
-0.0132462
0.0783783
-0.0157666
0.035701
-0.0326573
0.0823016
-0.0083068
-0.0417263
-0.0383519
-0.0102847
-0.00576564
-0.0120522
0.0896181
0.0103963
-0.0164553
0.0392517
0.013184
0.0326734
0.00988393
-0.0848865
-0.146123
0.0307624
0.0560046
0.035585
0.156002
-0.0229938
0.0265382
-0.0208715
-0.0596227
-0.10864
-0.0175604
0.0357861
-0.0213646
-0.0920179
0.0293483
-0.0709045
0.0616877
-0.0318543
0.0391862
-0.0641525
-0.00454641
0.0837405
0.0763147
-0.0415892
0.02648
0.0494345
0.0263369
0.0872134
-0.0676187
0.0104966
0.0911087
-0.0275154
0.0714571
0.0578971
0.0125669
-0.0237478
-0.0230099
-0.0205896
-0.0388735
0.00400495
0.0414211
-0.0649972
-0.00628812
0.137831
-0.00771411
-0.0778913
-0.0201437
-0.0347289
-0.0744735
0.0343486
-0.00761218
-0.0971781
0.0400484
-0.0163276
0.0278152
0.0326267
-0.01081
0.0277194
0.0909756
0.0357636
-0.0318729
0.0349789
-0.00277365
-0.0144789
0.00375975
0.0123518
-0.034134
-0.0511759
0.0629318
0.0137645
-0.0730482
0.0886951
0.0535554
-0.0330922
-0.0481581
0.0944241
0.000183988
-0.0905142
0.0125193
0.0541024
-0.124416
-0.0560712
-0.0747026
0.00807475
-0.0149442
-0.0353832
-0.00562989
-0.0336084
0.0293328
-0.104218
-0.0221172
0.124225
-0.0896101
-0.0310025
0.0858274
-0.10973
-0.056355
0.0575648
-0.0462354
-0.0460715
-0.0159122
0.0408974
-0.0188182
0.0142538
0.047461
-0.0363557
-0.0643877
0.0899565
-0.0342966
0.0454659
-0.0776891
-0.0151836
-0.0383747
-0.00805478
-0.0217074
-0.0623357
-0.123073
-0.00592979
0.0614486
0.000446608
0.112717
-0.0740437
0.131341
0.189742
-0.0754598
-0.0214346
0.0606446
0.0908129
0.0351575
0.130534
-0.00595589
-0.0692491
0.0559667
0.036176
0.0075528
0.0625916
0.134045
-0.00511615
0.00895769
0.15795
0.0658611
-0.0715364
0.00881727
-0.0198247
0.0275865
0.00524917
0.0230231
-0.0797086
-0.0839579
0.0039417
-0.0664144
-0.0442982
0.162261
-0.039279
0.116197
0.204497
-0.0269395
-0.00864607
0.0665027
-0.0721494
0.027059
-0.0984091
-0.110529
0.0396152
0.130621
0.0362294
-0.0170789
0.0791233
0.111684
-0.0950626
-0.0352489
-0.045715
0.0107255
-0.17045
-0.0846365
-0.0170018
-0.0637026
0.0131494
0.027482
-0.133192
-0.0896119
0.0476876
-0.0155252
-0.0138136
0.156566
-0.0277973
0.0705696
0.125002
-0.06181
0.00129562
0.179066
-0.106154
-0.0116406
0.0966822
-0.156521
-0.0203208
0.0600339
0.0506216
0.0041732
-0.0671409
0.0208894
-0.051737
-0.0134806
0.0446139
-0.0655167
-0.0772561
-0.0488935
0.0567967
0.0176832
0.0228101
-0.0618278
-0.0513059
-0.0260255
0.076444
-0.0253944
0.0537121
0.0385792
-0.0324421
0.0794341
0.0977541
-0.0471769
-0.0509277
0.169346
-0.012807
-0.0320549
-0.0411054
-0.0132818
-0.106714
0.0173494
0.0251367
0.0870562
0.00858075
0.0746339
-0.0515398
-0.0365777
-0.00341844
-0.0262537
-0.00209174
-0.133029
-0.0612613
-0.0442045
-0.028004
-0.070859
-0.0598512
-0.0632831
0.0887664
0.0036017
-0.0458224
0.0333258
-0.0914334
-0.0445257
0.0821261
-0.0844435
0.000472624
0.169609
-0.0834367
0.0271614
-0.111837
-0.0493051
-0.0450435
0.0904582
0.0334924
0.0900978
0.0624418
0.011725
0.0387975
-0.0164904
0.0197121
-0.0669064
-0.0802267
-0.182307
-0.0244398
-0.0127255
0.0776723
-0.0124581
-0.0242902
0.0126948
-0.0720133
0.0266996
0.0323675
0.0361174
0.0320121
0.00198202
0.101986
-0.0177255
-0.0678839
0.150301
-0.127836
-0.00160255
0.0817767
-0.0284579
0.0205045
0.0582664
0.16285
0.00150315
0.0497432
0.0406802
-0.0351425
0.0170073
0.050124
-0.0111731
-0.0656997
-0.0266547
-0.0324544
-0.0545024
-0.0191537
-0.0996772
-0.0526002
-0.0240784
-0.00707994
-0.0579546
-0.0255692
0.0584936
-0.0256199
0.0462602
0.0804291
-0.104071
-0.126133
0.111564
0.0846321
0.0408956
0.0678104
-0.024307
-0.0821664
0.0722595
0.119672
0.0722795
0.0136444
0.0779937
-0.0889376
-0.0457189
0.0328573
0.00940708
0.0535939
-0.0287272
-0.106678
0.00743203
-0.0608258
-0.078171
0.0156743
-0.0565678
0.0101712
-0.0526494
-0.0226728
0.048514
-0.0290859
0.0837847
-0.018323
-0.118407
-0.0164203
0.0764096
-0.0301674
-0.0926647
0.0241229
-0.0630296
-0.0337719
-0.00970857
0.0748637
0.00651282
-0.015502
0.149732
-0.0388397
-0.0534883
0.0381076
0.0116948
-0.00887995
-0.0400272
0.0189882
-0.0958058
-0.00961261
-0.0304656
-0.00437249
-0.0369308
0.0726742
-0.0585376
-0.0694795
0.0718503
-0.00414936
0.0277195
-0.0125692
-0.0579411
0.0726513
0.0147377
0.0409015
0.0113438
0.111847
-0.0247862
-0.124044
-0.0804993
0.0541896
-0.0394268
-0.074401
0.0863657
0.0252571
-0.0896644
0.142172
-0.132486
-0.0953821
-0.0991006
-0.0569683
-0.0339802
0.00761132
0.00188152
0.0566584
0.0356645
-0.0026669
-0.0515945
-0.090373
0.0828719
-0.0297326
-0.0536522
0.00360982
-0.0124058
0.0300357
0.0509577
0.0308259
0.0224027
0.101153
-0.0884167
-0.139829
-0.00749546
0.0229416
-0.0461044
0.0349492
0.0849184
-0.0665028
-0.0409979
0.0627189
0.00331292
-0.0176644
-0.0546989
-0.00411711
0.0829334
-0.00730118
0.00624531
-0.010449
-0.0125039
0.0640746
-0.013371
-0.0104826
0.0553015
-0.106424
0.110047
-0.00703423
-0.035195
-0.0109549
-0.00163745
-0.0615831
0.0115443
0.0323414
-0.0609558
-0.0202352
0.0642834
-0.0348034
-0.00887437
0.0915797
0.0182951
-0.0770041
0.0196188
0.0397281
-0.00667369
-0.0580934
0.0460071
-0.0406667
0.0448943
0.0392217
0.00449876
-0.0174313
-0.0626426
0.0254143
-0.00829131
-0.0776318
-0.0289834
-0.00445737
0.0971996
0.1274
-0.0780957
-0.036026
0.0448988
-0.0235599
-0.000735101
0.073397
-0.00801516
-0.027004
0.0386898
-0.029958
0.00481988
-0.00218892
0.0128781
-0.0328525
-0.065113
-0.0146326
-0.0267532
-0.0860577
0.0291386
-0.00856869
-0.00610029
-0.0348697
0.0219334
-0.0015694
0.00146364
0.0831686
0.107866
0.020203
0.0617948
0.0178515
-0.0161688
-0.0579386
-0.0274755
0.00783736
0.133006
0.0166012
-0.0505386
0.0287633
0.0126936
0.0702961
-0.0626064
0.00544456
0.0488784
0.00993313
0.0656701
-0.028451
0.026645
-0.130245
-0.0150788
-0.0924824
-0.00767401
0.0608612
-0.00284179
0.0415558
0.0517268
0.0194506
-0.0443278
-0.0125135
0.0395595
0.0143925
-0.105884
-0.036962
0.00562458
-0.00506375
0.0159068
-0.0727154
-0.00010774
-0.078859
-0.0433404
0.0207449
0.0466368
0.0226894
0.0793095
-0.0207361
-0.0926321
0.00136957
0.0249629
0.100318
-0.0635299
-0.00181642
-0.0104895
0.0642003
0.0168592
-0.0330497
-0.00658728
-0.0112305
0.0769289
-0.0318923
0.125395
-0.0334334
-0.0208452
-0.0121093
-0.0556289
-0.00557619
0.0491536
0.0385282
0.0266358
0.022213
0.034668
0.0447863
0.00467535
-0.0854684
-0.0472572
-0.0688594
0.00189253
0.127457
0.0325955
0.0190214
0.0136676
-0.0529599
-0.0315525
-0.0131807
0.0279032
-0.00186919
-0.0181161
-0.0937018
0.0062137
-0.0508352
0.0763908
-0.021832
0.00341023
0.0664521
0.0282639
-0.0137551
0.0660268
0.0417194
-0.0709118
0.073261
-0.0228178
-0.0607679
-0.0545434
0.016184
0.0499212
0.00360564
0.112935
0.0221894
-0.0216577
0.0717856
-0.0529441
-0.0631608
-0.0328803
-0.0214168
0.0154186
-0.000836764
0.0025906
0.0171169
0.0182041
-0.0272346
-0.0644174
0.00937175
0.0571905
0.0246422
-0.053855
-0.0505791
0.0488232
-0.0502468
-0.0506799
0.0760307
-0.0910782
0.0724289
-0.0611696
-0.0248906
0.0125314
0.0473147
-0.0329493
-0.0415767
-0.0707671
0.0743747
-0.0171429
-0.0492326
0.0476519
0.00835626
0.0328252
-0.0176459
-0.000888912
-0.0651867
0.036479
-0.0217453
-0.0603329
-0.0410764
-0.00287454
-0.0666934
-0.0202591
-0.040752
0.119193
-0.0111634
0.120131
-0.0643239
0.0544897
-0.00993213
-0.00275055
-0.0576443
0.0768324
-0.0110658
-0.0607702
0.0219788
0.0637102
-0.0192609
-0.0514184
0.0426458
-0.0272171
0.0531286
-0.0837217
-0.0621102
0.00760632
-0.00616799
0.046998
0.0819455
-0.0195533
-0.0461027
0.0307606
-0.0183048
-0.0391698
0.004156
0.0959956
-0.0426882
-0.028683
0.0114133
-0.0315566
0.0156117
0.0664524
0.0660545
0.105995
-0.00705001
-0.0524579
0.0242629
0.0514971
0.00279012
-0.00564794
0.0165111
-0.0256642
0.0122047
0.0357104
-0.00295111
0.0238286
0.0501698
0.0169265
-0.0296162
-0.0686625
-0.0176181
0.0434259
-0.0996146
0.024827
-0.0163804
0.12664
0.0440204
0.0389551
0.105133
-0.0235833
-0.0393748
-0.0127603
-0.0398029
0.00869159
-0.0485806
-0.00250937
0.00622438
-0.0135495
-0.0536689
0.00143266
0.0212899
0.0144795
0.0265958
-0.0331896
0.0556486
0.0720875
0.0786918
-0.0753619
0.0534113
-0.101766
0.00610763
0.0323381
0.0248339
-0.0187025
0.048211
0.0406684
0.0150125
-0.0169225
0.0138631
-0.0756074
0.00272262
-0.0408039
0.0238114
0.0549702
0.0392194
-0.0404359
-0.00660496
-0.0740857
0.0937292
0.0227214
0.0156293
-0.0135885
2.03135e-05
-0.0450942
0.039519
-0.0367282
0.0032411
0.0106133
-0.0395688
-0.00774781
0.124788
-0.01533
-0.0635009
-0.0560223
0.0161947
0.107076
0.0259807
0.0397229
0.0762867
-0.080426
0.00761434
-0.0515939
0.0337809
0.0194762
0.00129225
-0.0305422
-0.00138449
0.0422101
0.0246907
-0.0203556
0.063203
-0.0386519
0.00990923
-0.0163511
-0.0495659
-0.101126
-0.0550529
-0.0128892
0.0187861
0.0131138
0.0052036
0.0657856
-0.0313659
0.025646
0.0649257
-0.00601589
-0.0581419
0.00894636
-0.0685767
0.0211611
0.0074415
-0.0498585
0.0284528
-0.0240701
0.0264829
-0.0185059
0.0128029
0.00299061
0.0359747
-0.0344638
-0.0121941
-0.044632
0.0779334
-0.0697907
-0.00388345
0.0160217
0.0299065
-0.0136817
-0.0781295
-0.0279641
-0.145478
-0.0168291
-0.0554887
0.0483074
0.0245974
0.00248769
0.0139571
0.0383214
0.0552667
0.0572414
-0.0687952
0.0450179
-0.0544072
0.0564249
0.10595
0.0483464
0.0091778
-0.0748834
-0.0260955
0.0332598
-0.091578
-0.0039639
-0.0284881
-0.0202886
0.0109382
-0.00952775
-0.00238281
0.0203874
-0.0461618
-0.0337486
0.00159745
0.0160575
0.0494703
-0.0949252
-0.0606505
0.0631498
-0.0513379
-0.00548616
0.0116594
-0.0319205
0.0853436
0.0639251
0.00681284
0.0479479
0.00432911
-0.0511225
-0.087287
0.0910823
-0.0874574
-0.0327104
-0.00897367
-0.014309
0.0295892
-0.0141014
0.0145064
-0.0233829
0.00726998
-0.0543476
-0.0043472
-0.00207351
-0.108003
0.0589244
0.00720601
0.0201182
-0.0236723
0.0184781
0.0130529
-0.0367447
-0.0374042
-0.000533676
0.0484069
-0.10742
0.033373
0.0239261
0.0253471
-0.0539131
-0.05554
-0.0799995
0.0518426
0.024833
-0.0373866
-0.0744273
0.0396829
0.0144383
-0.0386452
-0.0221057
-0.0880972
-0.0918217
0.047128
0.0370677
-0.0312142
0.128836
-0.00362225
0.000464043
0.0850459
0.0339115
-0.0240401
-0.00990296
-0.036104
0.0194929
0.151626
-0.0317812
-0.0276551
-0.0621805
0.0523597
-0.0151607
-0.0312104
-0.157798
-0.0186461
0.0336967
0.0219662
0.0488077
-0.0327992
0.0270621
-0.171241
0.0210369
0.0749546
-0.00523718
-0.0891537
-0.0349332
0.149769
0.0190821
0.0227214
0.0321142
-0.104991
0.0743052
-0.00675815
-0.0689574
-0.0324233
0.0648585
0.0385287
0.0474793
0.0561282
-0.05903
-0.0212071
-0.0748192
0.0279619
0.00785744
-0.0770252
-0.0453384
-0.0311621
-0.0159481
-0.0174912
-0.0213558
-0.0733682
-0.0929812
0.0111095
0.08093
0.0217631
0.0802197
0.0118939
-0.0663321
0.123925
-0.0354389
-0.00437765
0.0957586
-0.120527
0.0439444
0.0468575
-0.0221424
0.00318226
0.136103
0.0304345
-0.0930001
-0.0549748
0.0594863
-0.123177
-0.0756863
0.195847
0.020998
-0.0424834
-0.124268
-0.00871627
-0.00336924
0.112623
0.0507333
-0.0880835
-0.0799668
-0.110923
0.0379236
-0.0263397
0.0366172
-0.0626574
0.0834573
0.135195
0.0489972
0.031042
0.06088
-0.101938
0.0882729
0.0788605
-0.0942488
0.0690545
0.171212
0.109925
0.0199153
0.0829996
0.10828
-0.06488
-0.161373
0.0804609
0.164279
0.0142445
0.0217841
-0.100481
0.0100356
0.00437667
-0.0181029
-0.083378
-0.072083
-0.106217
0.0739612
0.0513475
0.0840857
-0.0374498
0.0368815
0.0290563
-0.04355
0.0599999
-0.00124689
-0.093214
0.0957745
-0.040397
-0.0403598
-0.0995725
0.110207
0.0876364
-0.069112
-0.00857819
0.105995
-0.0648055
-0.0959058
0.119614
0.103144
-0.0183845
-0.0672228
-0.0580621
-0.105759
-0.021673
0.00813595
-0.0826158
-0.0460389
-0.0765392
0.0196409
0.0569899
0.0430213
-0.0624865
0.0286204
0.0979975
0.0202896
-0.0204612
0.0424854
-0.185524
-0.0155477
-0.00820927
-0.0451519
0.0123381
0.139641
0.045042
0.166878
0.0791547
0.109549
-0.00584153
-0.10418
-0.0274419
0.00728218
-0.0118526
-0.0718364
-0.0725418
-0.053174
0.0734205
-0.045774
-0.114563
-0.0587723
-0.112157
0.0147317
0.0872213
0.127891
-0.0468662
-0.0852404
0.0688116
-0.0561441
-0.0435378
0.198297
-0.0291002
0.0274762
0.0995793
-0.0795552
-0.0193816
0.122524
-0.0465569
0.0509206
0.0591047
0.0394994
-0.0754406
0.0136123
0.0886661
0.155564
-0.161026
-0.122877
0.0274919
-0.0291877
0.0270986
-0.0191549
-0.122496
0.0294147
-0.0412233
-0.0372056
0.028923
0.0381664
0.0710215
-0.000533646
0.0879471
-0.0446531
-0.0210346
0.0715336
-0.0268759
0.00419776
0.0980329
-0.0210982
-0.0617592
-0.0323261
0.0916424
0.0243498
-0.0182008
0.124428
-0.0231026
-0.131941
0.101898
0.181813
-0.0559348
-0.115087
-0.082991
0.0282613
0.0682697
-0.147861
-0.105921
-0.0634239
-0.08664
0.0598042
0.00609273
-0.0433278
-0.0355445
0.0377341
0.0520155
-0.00843916
-0.00180248
0.0874714
-0.0585924
-0.0373471
0.0740578
-0.0890263
-0.0418191
-0.0134653
0.0924211
-0.0146024
-0.00393346
0.0765055
0.0259278
-0.132727
0.0403723
0.0635906
-0.121692
-0.0368385
-0.0134148
-0.0886178
-0.00518948
0.0482428
-0.1549
-0.0606723
-0.086536
0.0118997
-0.0224913
0.0478369
0.00492878
0.05699
0.0837222
-0.0485872
-0.137114
0.0437856
0.0190391
-0.0515022
0.00474859
0.0230971
-0.0935007
0.107454
0.0984083
0.0377499
0.041057
0.160514
-0.0177985
-0.0465795
0.116704
-0.015934
-0.0111991
-0.00693252
-0.0131319
0.0544963
0.101035
-0.062779
-0.106795
-0.00907648
-0.0253291
-0.036132
-0.192206
-0.0657497
0.0168463
0.0824443
0.0476358
-0.109583
-0.021673
0.104045
0.0458121
-0.0610214
0.124475
-0.0831175
-0.0760534
0.103966
0.0836319
0.0338736
-0.0181835
0.15047
-0.133631
-0.063158
-0.0689811
0.118106
0.00540096
-0.0943634
-0.0661676
0.0148935
0.0959967
-0.0671681
-0.0568702
-0.0690907
-0.0393999
-0.0417807
-0.0147543
0.0379802
-0.112708
0.0563795
0.0241598
-0.128265
-0.032835
-0.0783862
0.00463725
0.00357428
0.095125
-0.0590056
-0.157866
0.111149
0.000635217
0.0798199
0.0914872
0.150772
-0.0465699
-0.0499302
0.108124
-0.0608838
0.011636
-0.109924
-0.0585085
-0.0635527
0.127843
-0.0293982
-0.0260139
-0.0334987
0.017875
-0.0440901
-0.095922
0.0190502
0.0561931
0.0949438
-0.0505834
-0.0677926
-0.100562
0.0668529
0.0593719
-0.0908246
0.087562
-0.0164426
-0.0711661
0.0347327
0.0418164
-0.0115724
-0.0111393
0.159247
-0.0259571
-0.116147
-0.0395587
0.0587157
-0.0538639
-0.102827
0.00505807
0.0530926
-0.0507458
-0.0129118
0.0686205
-0.0419839
0.0894981
0.0443412
-0.0862465
0.0628132
0.000123413
-0.026645
-0.0679928
0.0369616
-0.0681
0.0234548
0.100381
-0.0813953
0.0516004
0.0304144
-0.0147562
0.0670196
0.111952
-0.0881533
0.0815492
0.126055
-0.160371
-0.103043
0.0895694
-0.0567617
-0.0754871
-0.0108119
-0.136984
0.0416235
-0.0902932
-0.125459
-0.0208685
-0.071962
0.0183137
-0.000518344
-0.107463
0.031687
-0.0277652
0.0648227
0.00648582
-0.123941
-0.0463139
0.111828
-0.0118528
0.0217293
0.119555
-0.0699884
-0.0777391
-0.0368831
-0.0266782
-0.0277802
0.0357444
0.0934117
-0.0972575
-0.0353769
0.032894
-0.00195746
-0.06545
0.0489707
0.0732648
0.119188
-0.0811806
-0.0291055
-0.0181171
-0.0745985
0.137794
-0.0118636
0.0279999
0.0398035
-0.0370942
0.0863121
0.0204785
-0.00597574
0.0233288
0.0510115
0.0111033
-0.0905534
0.0992013
0.0715825
-0.132529
0.00640786
0.0410535
0.017359
0.0275312
0.0399903
-0.00478422
0.0251395
0.0982947
-0.121632
-0.0930024
0.0201217
0.0840247
-0.0102438
-0.0359805
-0.0466348
-0.0358854
-0.0202749
0.0143608
-0.0032966
0.0243993
-0.00984969
0.00417515
-0.0449731
0.0122266
0.0062514
0.0230806
0.0403144
-0.00559459
0.0107609
0.0952024
-0.0573457
0.00940245
0.102884
-0.00363623
0.0400367
-0.0456684
-0.0521055
-0.0565806
-0.0766433
-0.0752371
-0.0632989
-0.0352959
-0.0482984
-0.00924585
0.045864
-0.0233053
-0.0199471
-0.0737097
0.0349425
0.0391738
-0.066215
0.0600687
-0.0842335
-0.0626479
-0.0157369
0.0306489
-0.0384195
0.0520265
0.0219288
-0.117989
-0.0419857
-0.0284117
-0.0793459
0.0299312
0.0141883
-0.0184816
-0.0182392
0.00568135
0.019218
-0.0215879
-0.0318327
-0.042893
-0.0259111
-0.0514607
0.0788585
0.0111322
0.00884931
-0.0920076
-0.0301427
0.0443776
0.00965636
0.0342508
0.0287911
0.0102874
0.0478605
-0.00168861
0.0220508
-0.0540233
0.0198428
0.0206652
0.00358517
0.0321857
-0.0257211
-0.0721364
-0.014212
0.0393404
0.0976406
-0.0207369
-0.0266812
0.11631
0.0258694
0.0141779
-0.0670689
0.0511674
-0.0110031
0.035128
0.00562771
-0.0410845
9.64332e-05
-0.0635568
-0.00435713
-0.00175695
-0.012917
-0.0016547
0.0547208
0.0172894
-0.00765242
0.00414505
-0.00649752
0.0359365
0.0209093
-0.035334
-0.0369185
-0.0211492
0.0368505
-0.0343127
0.0189815
0.006877
-0.0751894
-0.0168261
0.138124
0.0168518
0.0625129
0.0170429
-0.0194295
0.0370607
-0.0234802
0.0285786
0.0089039
0.0101488
-0.0222952
-0.0444035
-0.0714167
-0.0673933
-0.0347327
-0.0354646
0.0369379
0.135036
0.0765828
0.0978992
-0.087669
0.0340359
0.014001
-0.0261457
-0.0671372
0.0336335
0.000975537
-0.0247143
-0.0791372
0.0190245
-0.0683091
-0.00430712
-0.0175116
-0.0408107
0.0689034
-0.00418339
-0.00926849
-0.0387484
0.0281002
-0.0601304
-0.0505003
0.0363036
-0.076173
-0.031512
0.0724086
0.0434203
0.0961941
-0.000509307
0.0184852
-0.0555681
0.0676807
0.064329
-0.0380041
0.00255085
0.00985402
-0.123572
0.119058
0.0278602
-0.0374787
0.0271667
-0.00718758
-0.0481936
0.0167323
0.0118915
0.00238248
0.00809043
0.0388298
-0.0298234
-0.0393141
-0.026117
-0.0580148
0.0323166
0.0140099
-0.0441626
0.0103355
-0.0668998
0.0448878
0.0419753
-0.0149612
0.0418915
0.00908187
-0.00102935
-0.0419925
0.0605587
0.000371187
-0.0211899
0.056097
0.0719813
-0.00675217
-0.024151
0.0441436
0.0177851
0.0710664
-0.0133652
-0.0887354
0.063423
-0.0207209
-0.0208213
0.0530245
0.0215344
-0.0179307
0.0371165
-0.0603987
0.00148557
0.0822259
-0.0413277
-0.0107114
-0.00680054
-0.000915931
-0.00562334
0.107512
0.0558485
-0.0432776
-0.029944
-0.0276494
0.0841885
0.0193009
0.0804168
-0.0717848
-0.0489066
0.00742093
0.020691
-0.00303367
-0.0668943
-0.0496467
0.00584032
-0.0169464
0.0109948
0.0214574
0.0327588
0.0105574
0.00692471
0.0315204
-0.0781268
-0.0499843
0.0549298
0.0109006
-0.0286417
-0.0491316
-0.0259131
0.0416365
-0.0540559
0.00388757
0.0229268
0.0410946
-0.00472869
0.00405736
0.0629048
0.111131
0.0083598
0.0537105
0.0640077
0.00155357
-0.127783
-0.000469044
0.00557411
-0.00618001
-0.0477613
-0.0161733
0.0410226
0.0455085
-0.0174596
0.0119351
-0.00765604
0.0142871
-0.0612161
-0.00345395
-0.024734
-0.078407
-0.0282263
0.017671
-0.0271598
0.0234467
-0.0175386
-0.109606
0.0317643
-0.0343184
0.0936132
0.00450975
-0.00893214
0.0268754
0.0213741
-0.0572737
-0.0430706
-0.068373
-0.045904
0.0305322
-0.0122564
-0.0309629
0.0488042
-0.00975717
-0.0150788
0.0145591
0.00549681
0.0662034
-0.0347961
0.0165949
0.0230779
0.0660936
-0.026099
-0.0341257
-0.0201764
0.0400767
0.022929
0.025879
0.0343665
-0.0358062
0.0160671
0.00568033
-0.0287307
0.00221752
0.0166173
-0.00393445
-0.11223
-0.00749243
0.0174563
0.00136511
-0.0776913
0.0404603
0.000392618
0.0217164
-0.104247
-0.0280946
-0.0819898
0.0267132
-0.0155953
0.0748214
-0.0690482
-0.119206
0.0391264
0.0647472
-0.0308176
-0.0850161
0.0113564
-0.104886
0.0214115
0.028476
-0.00475631
-0.0171849
-0.142253
0.0533572
0.0463958
-0.0247218
0.020174
-0.103833
0.0569345
0.0221777
-0.0972312
0.0992546
-0.123178
0.070129
0.0681385
0.00982285
-0.0576794
0.081927
-0.103556
0.0184933
0.063627
0.0766489
-0.0150696
0.0152374
0.120832
0.111018
0.0594533
-0.13701
-0.0472499
-0.0340362
0.109688
-0.0765806
-0.108121
-0.0864279
0.00655456
0.0463733
0.0854615
0.0555904
0.00488151
-0.00824724
0.0791331
0.0113528
-0.0536308
0.0665703
-0.0478952
0.0606476
0.0132355
-0.0410211
-0.0104147
0.0792631
0.0582391
-0.0143746
0.117535
0.0224802
0.00708107
-0.0713941
0.0341645
0.10199
0.0314271
-0.104738
-0.0822022
-0.00792497
0.0218422
-0.0307027
0.0753899
-0.0123556
-0.0553091
0.0187398
0.0495322
0.0244465
0.0312658
-0.0302374
0.102035
0.0384133
0.0699269
-0.0550446
-0.0727223
-0.0487131
-0.0171277
-0.0379752
-0.0370524
0.111142
-0.0360504
-0.0326345
0.0441548
0.120502
-0.0242495
-0.0729956
0.0882557
0.0936268
0.0152188
-0.0161611
-0.0847537
-0.0977322
0.0578545
0.0318374
-0.169881
-0.0890361
-0.0460325
0.0866042
0.0207305
-0.0016852
0.0248381
-0.00288367
0.100018
0.034463
-0.0282039
0.0250954
-0.0398931
-0.0281287
0.00053482
0.000886575
0.027445
0.0756528
-0.033617
-0.0419464
-0.0442536
0.0796858
0.0479437
-0.0457588
0.161654
0.023352
-0.0150457
-0.137945
-0.0732302
-0.0415493
0.103563
0.0773915
-0.107112
-0.104263
-0.0625438
0.116414
0.0823248
0.0598132
-0.0233311
-0.00666935
-0.0409408
0.0206543
0.08147
0.0437051
-0.168517
-0.0382309
-0.0348506
-0.101768
-0.0584625
-0.0132221
-0.0333292
-0.0280542
-0.018522
0.0302571
-0.0492654
0.00811071
0.0176617
0.0486577
0.0628509
-0.0863109
-0.069744
-0.0546796
0.0789643
0.0242067
-0.0915977
-0.00610924
-0.0863099
0.0907932
0.0964492
0.0735685
0.0815624
-0.0109072
0.104553
-0.0487326
0.046681
-0.00865612
-0.126291
0.0436389
0.0193993
-0.05601
-0.0526268
0.0336799
-0.0109861
-0.0471382
-0.0184752
0.0973041
0.0133702
0.0220619
0.0783002
0.0910807
-0.0647119
-0.0498852
0.0324327
0.0109179
0.0221217
-0.0706467
-0.0348286
0.0235231
-0.0886621
0.106754
0.132258
0.101942
0.0428427
-0.0325229
0.0771064
0.0055906
-0.0104818
0.0398622
-0.0845072
0.0733644
-0.0634068
0.024016
0.018142
0.0479182
-0.0389784
0.0886442
0.0969863
-0.0373559
-0.022753
-0.0141921
0.119948
0.126429
-0.014012
-0.0919003
-0.0525411
-0.0106005
0.126535
0.0679307
-0.154808
-0.0255713
0.00439139
0.000217214
0.0240391
0.100113
0.0475833
-0.0596566
0.0114871
-0.0055297
0.0531487
0.0175933
-0.041109
0.13154
-0.102601
0.0195558
0.00588825
-0.0326606
-0.0524205
0.00421669
-0.0311613
0.036393
-0.0403962
-0.00671176
-0.00785215
0.11006
-0.0408029
-0.111613
0.0650015
-0.0170532
0.00271839
0.037267
-0.0760649
-0.0229962
-0.00783393
0.0494797
0.085125
-0.0226564
0.0430407
-0.0460154
0.0300673
-0.00381309
-0.00247186
-0.0304959
-0.0352257
0.015373
-0.0081098
-0.0417174
0.0689168
0.0382747
-0.00106042
0.112606
0.0376406
0.145191
0.000564133
-0.0865986
0.105703
0.0910415
-0.0625637
-0.0821173
0.0332819
0.0838243
-0.0313769
0.0115047
-0.174015
-0.00686894
0.0471411
0.130452
0.1101
0.0910004
0.0109535
0.0176925
0.076054
-0.0425731
-0.0114354
0.00538871
0.0267855
0.0435601
0.0123194
-0.0114383
0.0260761
-0.00734875
0.0970469
-0.0461005
-0.0689751
0.0394798
-0.0413076
-0.0227312
0.05583
0.0444401
-0.019254
-0.0355531
-0.058143
-0.0244304
0.157774
0.00113702
-0.0456107
0.0195283
0.0642348
0.0508896
-0.0679938
0.0338702
-0.00437955
-0.100033
0.0488301
-0.0568166
0.0183509
0.0538953
0.0309057
-0.0121633
-0.0126737
-0.0176733
0.0272869
0.00646063
0.0522286
0.0208594
-0.00907496
0.0426272
0.0156613
-0.04436
0.0270889
0.0571991
-0.087035
-0.0756624
0.0604596
0.0120789
-0.00394319
-0.0152482
-0.00370762
-0.00897464
-0.0894966
0.0401091
0.0480435
0.0835004
-0.0129041
0.0261244
-0.0251463
0.0332947
-0.0713832
0.0683145
0.0879526
-0.0691954
0.0133043
-0.0711389
0.0148483
0.0989252
0.0797144
0.0311781
0.0573877
0.0908579
-0.0809082
-0.0842371
0.0574702
0.126809
-0.0430944
-0.00782645
0.13968
0.0294974
-0.0225307
0.0170395
-0.0245091
-0.0196892
-0.0371637
-0.0320441
-0.0298996
-0.00818808
0.00457561
-0.0520557
0.0631615
-0.107768
-0.0333357
-0.0029467
0.0340068
-0.0495778
0.178366
-0.0368794
-0.0997349
-0.0532742
-0.0486414
0.000928295
-0.00566233
0.0835667
-0.00874144
-0.00123725
0.0697295
0.0151134
-0.0538192
-0.0806251
-0.0289007
0.0255277
-0.00296328
-0.0664888
0.0472221
0.0435769
0.0765283
0.0248648
0.062405
-0.0469341
-0.0323029
0.10135
0.069686
0.0636036
-0.0144858
0.0375627
0.13046
-0.0483428
0.0964828
-0.0680456
0.00965989
0.0269979
0.101588
0.0607414
-0.0210121
0.042742
-0.0142962
0.0519316
0.0869761
-0.0414256
-0.0740067
-0.0386666
0.0484969
0.00930475
-0.0518495
-0.1118
0.047408
0.0831969
0.0826572
-0.160713
-0.039291
0.0433125
-0.0115307
0.0957831
-0.0525611
-0.0236685
-0.0391749
0.0373762
0.061488
-0.0601967
0.124862
-0.0341191
-0.0241762
0.0280693
0.0659733
0.0574651
0.0406759
0.117252
-0.0554219
-0.0549231
-0.025955
0.0840459
-0.128839
-0.0894108
0.0975258
0.0572439
-0.0377946
-0.0854601
-0.00271235
-0.0126433
0.0429226
-0.127927
-0.144267
0.0252014
-0.086362
0.0767927
-0.0350577
-0.0135411
-0.112439
0.0897077
0.0599986
-0.121195
0.17962
-0.0707151
-0.0402107
-0.0268748
0.0538568
0.0372804
-0.0498058
0.0735506
-0.0635515
0.00267234
0.0139171
-0.0039507
-0.12562
-0.0884203
0.0266432
-0.0147534
-0.0287295
-0.0136914
0.0944657
0.0223389
0.0219648
0.0537781
-0.151932
-0.0223847
-0.043185
0.000621032
-0.0383176
-0.0268675
-0.0652072
0.0171894
0.0651258
-0.0785059
0.195831
0.00200436
-0.099241
0.0247195
-0.0283117
-0.0994845
-0.157851
0.035194
-0.0128064
-0.12129
-0.0300048
0.0269753
-0.137811
-0.0450037
0.00642327
0.0884137
-0.102958
-0.0191689
-0.0366585
-0.00244385
-0.0482808
-0.0428077
-0.0388985
0.0266162
-0.020818
-0.0312286
-0.0277553
-0.0525788
-0.10229
-0.133238
0.0292507
-0.0227377
0.0769171
0.0333421
-0.0533331
0.160862
-0.0284225
0.0694356
-0.0165977
-0.00589343
-0.00568212
-0.0785852
0.04555
-0.0187461
-0.087163
-0.0753236
0.0337506
0.0509201
-0.0247676
0.0258303
-0.00555617
0.00963768
0.0264671
-0.0208915
-0.0191805
0.0236911
-0.0571137
0.00798755
0.0749583
0.0226733
0.0477932
-0.034496
-0.0123659
-0.00425731
0.0101502
0.0502902
-0.017104
0.0773848
-0.0346655
0.0168654
-0.00773083
0.00471241
-0.0579285
-0.0515371
-0.0128652
0.0555121
-0.0901604
-0.005334
-0.0616881
-0.00668817
-0.003971
0.0089066
0.00507568
0.0713648
-0.0605293
0.0301183
0.00311599
0.00198599
-0.0457729
0.0706016
-0.019814
-0.0291939
0.0692152
0.125344
0.0264404
0.0095171
0.0379255
0.0640292
0.0883408
0.00734464
-0.00901223
0.0221322
0.0452646
0.0657188
0.00992685
0.0461545
-0.111827
-0.0301621
-0.0234082
0.101918
-0.0709334
0.0248223
0.127315
0.00759415
0.0534208
-0.00856731
-0.00527213
-0.0881113
-0.0604676
-0.0478066
-0.0575635
-0.0993762
0.00188806
-0.0753175
-0.114782
0.0295329
0.0266536
0.0292765
-0.00272434
0.0206791
-0.0162175
-0.0160554
-0.0116441
0.0201963
-0.0382157
0.0675036
-0.0104429
-0.0373532
-0.0138227
-0.0462448
-0.0161764
-0.119192
0.0804874
0.0213302
0.0775657
-0.0240009
0.0300381
-0.0555735
-0.00741515
-0.00440219
-0.00718418
0.0165322
0.0436638
-0.0486904
-0.0107475
0.00969492
0.0556028
-0.0336809
-0.0453813
0.0647048
0.049523
0.0504492
0.0224944
0.1325
-0.00163941
-0.0056739
-0.0595475
0.0820022
-0.095521
-0.000259796
-0.0173732
0.0202221
0.0082827
0.0285687
0.0976287
-0.0769339
-0.0612153
-0.0250177
0.00764019
0.0130287
0.0783196
0.0138999
0.11735
0.00752352
-0.0247034
0.0423649
-0.0191255
0.0533925
-0.0301793
-0.112942
-0.0171898
0.0271722
-0.0362559
0.0098762
0.0959728
0.00456714
0.00744196
0.029096
-0.00324502
0.0155121
-0.0571931
-0.0671647
-0.0056324
-0.0143333
0.012113
0.0100249
0.00534587
-0.0867135
-0.019446
0.0236246
0.00245557
-0.0309607
-0.0738628
0.0254245
-0.0566059
0.0365266
-0.0721218
0.0571332
0.108804
0.0399786
0.0292449
-0.00552756
-0.0679217
-0.0947647
0.0578248
0.0289406
-0.000712681
-0.0150233
0.103027
0.00821029
0.0811047
-0.0655194
-0.035445
-0.023223
-0.0108778
0.0796498
-0.0017787
-0.00886386
0.002924
-0.0378968
-0.0277362
-0.0609961
0.0228096
-0.0312954
-0.0220761
-0.0214781
-0.0504836
-0.00960733
-0.0343806
0.0716752
0.0345398
-0.0253029
-0.0289932
-0.0180785
0.148503
0.00292666
-0.042149
0.0093369
0.00565073
-0.0482448
0.0249828
-0.0396216
0.00126691
0.075267
-0.0015289
-0.0457591
0.0268611
0.0904969
-0.0429006
-0.0175066
-0.0235598
-0.0167722
0.0193479
0.0561112
0.0208073
-0.0511653
-0.0365754
0.0778034
0.0263971
-0.0537606
0.0505386
-0.0133051
0.0366707
-0.0379618
-0.0616439
0.0262775
-0.00796858
0.00602914
0.0143427
-0.0224701
0.0923425
0.0544127
-0.068998
-0.0398808
0.00148142
-0.0117254
-0.0417383
0.0275119
0.018918
0.0494657
0.0124547
0.00454727
0.0499824
-0.0724547
0.0447127
-0.0384614
-0.0130447
-0.0482689
-0.00180845
0.0141849
0.0653492
-0.0218726
-0.0427353
-0.0468038
-0.0018054
-0.0347544
-0.0732289
-0.0337195
-0.00640651
0.0403725
-0.0778133
0.0103351
-0.0190872
-0.00246035
-0.0331538
-0.006147
-0.037035
-0.102458
-0.0664157
-0.047471
-0.0427164
-0.0125714
-0.0178378
0.0339716
0.010045
-0.0199555
0.252309
-0.0753719
-0.0241861
-0.0597866
-0.12941
0.0688233
0.131924
-0.0192855
0.0375441
-0.0375659
0.111848
0.000806984
-0.0912625
0.00112353
0.0264391
-0.0641737
-0.0866539
-0.0495968
-0.12268
0.0423249
-0.0541418
0.00206349
-0.0592337
-0.0383228
0.16263
-0.0346041
-0.00315303
0.0412957
0.0278916
-0.000997142
0.0499768
-0.0549547
-0.00557141
-0.000388372
0.0703576
-0.134715
-0.105554
-0.037002
0.045537
0.00381155
-0.0287662
0.0372211
0.0567717
0.0241993
-0.0573216
-0.0425859
0.0455709
0.0893523
-0.050153
-0.0220003
0.0317634
0.0381551
0.0213944
0.00862251
-0.0382234
0.121983
-0.0139966
-0.148726
0.177023
0.0116643
0.0436506
0.0171872
-0.0668907
0.0317561
0.197478
-0.0222055
-0.0473997
-0.109035
0.0691151
0.0265434
-0.0444867
0.0150877
-0.0198393
-0.00716145
0.0217391
-0.0614579
-0.122639
-0.00222621
-0.0100057
0.0897274
-0.1261
-0.0125143
0.00522645
0.0615667
-0.0379049
0.0766776
-0.0569025
0.0747137
-0.00590623
-0.0751908
0.100026
0.0841701
0.0543932
-0.044408
-0.0233331
0.00347789
0.072476
0.0475582
0.0328867
-0.120765
-0.059192
0.0858387
0.0378635
0.0110366
-0.0417212
-0.0254955
0.0295454
0.0529412
0.0606172
-0.0522775
-0.03032
0.0199361
0.00654271
-0.0132143
0.00354615
0.0953626
0.0206074
0.0346834
0.00473385
0.0332417
0.0370421
-0.00178873
-0.0669979
0.13696
0.141161
-0.0386868
-0.0653109
0.0367983
0.0967614
-0.00726662
-0.0202384
-0.0698714
-0.0884171
0.110544
0.0548334
0.0153882
-0.0734562
0.00777156
0.00909777
0.0688342
0.0762807
0.0767475
-0.0595822
0.103124
0.0395218
0.00626797
0.0369846
0.0663044
0.0439308
-0.0188557
-0.0339702
0.0141075
0.111377
-0.132675
0.0175951
0.103034
0.00934382
-0.0383248
-0.0553837
0.0331005
0.0635755
-0.0344017
0.000177901
0.089157
0.00778277
0.0139964
0.0279379
0.0456616
-0.00611847
-0.112773
-0.0345991
0.00402255
0.0640975
-0.112053
0.0469564
-0.0140502
-0.0767164
0.00851561
0.071172
0.0485338
0.0946277
-0.0244704
-0.00233155
-0.0381556
-0.00329701
-0.105896
0.0811534
0.0507881
0.00313021
0.019635
0.0348041
-0.0382418
0.0644458
-0.00668023
-0.043566
0.0521406
-0.0215589
0.0154074
0.126217
0.0458933
0.00919937
-0.0164386
0.0158753
0.0387332
0.0877999
0.0264982
-0.0270415
0.00821963
-0.0476487
-0.00152658
0.0170565
-0.0160889
0.0946866
-0.00404598
0.0702379
0.0382376
-0.000614983
-0.0707187
0.0193014
0.0645084
0.0384719
-0.0676011
0.104768
0.0408701
0.0845287
0.083129
0.0365512
-0.0189672
-0.0183018
0.0268557
0.0729437
0.112224
-0.0528535
-0.0782777
0.0390015
0.00700519
-0.010192
-0.0135807
-0.114701
0.0053897
-0.00621258
-0.0229709
0.14037
0.0328452
0.128028
0.0458276
0.0997255
0.0292747
-0.0290729
0.0485717
-0.044333
0.0919731
-0.00100635
-0.0674893
0.0368909
0.0580407
-0.0226194
-0.088698
-0.0723008
0.11911
0.0441529
0.0786492
0.124321
0.0912221
0.0486831
-0.0338205
0.105566
0.00846367
0.0985793
-0.033864
-0.0207354
0.0329374
-0.015621
0.0107964
0.0855006
0.0159282
0.0945707
0.00400383
-0.00531033
0.029633
0.0899621
0.0292271
0.0983068
0.0906475
0.0394224
-0.0472418
0.0191198
0.110462
0.0738474
0.0249689
-0.0442544
0.00218641
-0.0240181
0.0881103
0.103576
0.0274316
-0.0141094
-0.124507
0.104664
0.11337
0.124527
0.0328805
-0.0829968
0.0289406
-0.104699
-0.00573791
0.0222136
0.0196062
0.111279
0.0444649
0.117395
0.0497025
0.0483635
0.0076449
0.108734
0.113276
-0.050066
-0.0133451
0.083326
0.0802515
0.0631787
0.0949556
-0.071099
-0.0459004
-0.0358638
-0.00196072
0.0101443
0.0904818
-0.0669835
-0.135293
0.0278012
0.062746
0.0869525
-0.0101637
0.0610026
-0.0859159
-0.0501839
-0.0287404
0.0620603
-0.034397
0.0651323
-0.0398031
0.0907718
0.0725605
0.0183465
-0.0235526
0.0274299
0.0979121
-0.0530972
-0.146664
0.0750836
0.146917
0.038657
0.0376584
-0.0554593
0.116046
-0.0589954
0.0751667
-0.019581
0.114652
-0.0569005
-0.0880036
0.0691856
0.00989312
0.0429357
-0.0505945
0.0340274
0.0686687
-0.0117876
0.0717701
0.107244
0.0475747
0.0892736
-0.0251151
-0.0117254
0.0649549
0.0575688
0.0188585
0.0552971
-0.0100445
-0.050999
-0.0592754
-0.0399299
0.0373998
-0.0189623
-0.0906193
0.0713778
0.0220232
-0.00810734
0.0639705
0.0875582
0.100491
-0.0330387
-0.0163931
-0.0297464
0.126043
-0.00835912
-0.0851967
0.0230656
-0.0549864
0.022751
-0.0539595
0.0148547
-0.0386881
0.113105
0.046959
0.0190532
0.120151
0.0915724
-0.00293555
0.0152582
0.00959613
-0.080087
-0.0637065
0.100764
0.244743
0.020377
0.00360978
0.0477008
-0.0487513
0.059232
0.00280612
0.0962157
0.0847097
0.00494685
0.048978
0.016165
0.0570755
0.00452519
0.00381893
0.00933233
-0.0882106
0.0133429
-0.0348439
0.0139794
0.100444
0.150296
0.0470281
0.0930845
0.0848545
0.0564487
-0.0498017
0.0160762
0.0381039
-0.0991831
-0.0477206
0.0300624
0.0926625
0.0763284
-0.0606126
0.0123856
0.0328015
0.0677828
-0.0336979
0.00425283
0.0211462
0.0680165
-0.0300893
0.0683319
0.0520839
-0.0350024
0.0607833
0.114751
-0.147144
-0.0276908
0.00788703
-0.000342862
0.00597322
0.0573712
-0.0974338
0.047055
0.0964205
-0.0823642
0.0534278
-0.0346007
0.0605356
-0.219345
-0.0394491
0.0284146
-0.0041077
-0.0912729
0.0177745
0.0643819
0.00458817
-0.0133489
0.092395
-0.0159085
-0.0188096
0.022598
-0.0617403
-0.0568408
0.0617683
-0.0218399
-0.0252957
0.117733
-0.0420744
0.00240385
-0.122337
0.0204498
0.0230278
0.0899558
0.00693014
0.0293361
-0.0242716
-0.0592461
-0.0123232
-0.134943
-0.0613304
-0.168119
-0.0895412
0.074994
0.0243642
-0.0237251
-0.0808997
-0.0194224
0.0744169
-0.0019271
0.0120683
-0.102229
-0.0407586
-0.0184157
0.100699
-0.0581788
0.151139
-0.0941651
0.120839
0.0349552
-0.04977
0.0209204
-0.0395252
-0.0457981
0.0371277
0.0770416
-0.0543888
-0.0989523
0.0989332
0.0997377
0.0212438
-0.0133558
-0.0378856
-0.190889
-0.183109
-0.0156836
0.0908643
-0.0883942
0.0101752
0.0663862
0.107958
0.114791
-0.052052
-0.0556837
-0.0975677
0.00179087
0.0657246
-0.11398
0.0425038
-0.101723
0.0395062
0.0985194
-0.107387
0.125825
-0.114648
-0.0163877
0.0130514
0.120011
-0.105925
-0.129161
0.0411698
-0.0205277
-0.00160406
-0.0302762
0.0362719
-0.178586
-0.111927
0.0741904
0.140259
-0.0555329
-0.0824307
-0.0177301
0.0743186
-0.0225214
-0.066775
-0.135665
-0.090459
-0.0289515
-0.024734
-0.0710589
0.0240258
-0.0735066
-0.12319
0.122559
-0.0226405
0.0423878
-0.106555
-0.0521175
0.0492933
0.0305112
-0.029069
-0.0870684
0.108837
0.0379782
0.0171179
-0.112748
-0.0221648
-0.0368465
-0.029128
0.0406635
-0.0328953
-0.0579188
0.0214537
-0.0531938
0.015593
0.120436
0.094997
-0.0491323
-0.0388562
-0.109499
-0.00567599
-0.0312044
-0.0705561
-0.0345494
-0.0203485
0.136687
0.0372034
0.00339129
-0.0482948
-0.0336247
-0.0207559
-0.00449127
-0.0335152
-0.047854
0.126279
0.00431975
-0.0947882
-0.113163
-0.0119947
-0.0481229
-0.0455041
0.0971477
-0.0436238
-0.0670785
0.0255237
-0.0671148
-0.000839473
0.0309041
0.00556343
-0.0439989
0.0607034
0.0543485
-0.0267671
0.0697838
0.0649599
0.00474432
0.0274765
0.00276861
0.0605669
0.0244993
-0.0512119
-0.00715245
-0.0643158
0.0112228
-0.0231272
0.0800833
0.055911
-0.000146934
-0.0511967
0.00214671
-0.0339545
-0.0235279
0.0393675
0.086362
0.0036489
0.0520423
-0.0441202
-0.063523
0.027139
-0.0419134
0.0762481
0.00563117
-0.0517081
0.0898152
-0.0258627
-0.00829605
-0.0579951
0.0246933
0.0338466
-0.00713882
0.0511216
0.0216301
-0.0373374
0.00650984
0.0859439
0.0522179
-0.0483238
0.00816681
-0.0652872
0.0400448
-0.0858611
0.0193742
0.0246172
0.0124973
0.0309685
0.0192623
-0.00043061
0.00367241
-0.0350376
0.0348329
-0.077348
-0.0360431
-0.0433755
-0.0293686
0.00343209
0.0181245
0.0168112
0.041443
-0.0430248
0.0562641
-0.0533531
0.0253516
0.0155108
-0.0147293
-0.00418466
0.00944812
-0.0987454
0.00424823
0.113126
0.0105985
-0.00348662
-0.0341427
-0.0419219
0.0714341
0.00538487
-0.0302298
0.0543572
-0.0515249
-0.105755
0.032424
-0.0117305
-0.0524448
0.0691857
0.00123409
-0.0278568
0.0339002
0.0358354
-0.0149993
-0.0232803
-0.0734262
0.0338394
0.0790242
-0.0239412
0.0347933
-0.0458783
-0.0666436
0.0339325
0.0129318
0.0323399
-0.0283078
0.00310435
0.0770392
0.0419453
0.0425094
0.0206142
0.00426966
0.0242344
-0.013977
0.0505915
0.0101056
-0.029586
-0.0139906
-0.0488043
-0.0534308
-0.0787878
0.0215764
0.0392935
-0.0442563
-0.0173873
-0.0279315
-0.0316204
-0.0497392
0.0455058
-0.0147704
0.0408126
0.0202667
-0.0361077
-0.0421093
0.0764298
-0.0230207
0.00960807
-0.026454
0.062415
-0.0403925
0.10283
0.0439079
-0.0284909
0.00120473
-0.082728
0.0197235
-0.0216469
-0.0694461
-0.0137656
-0.00675574
0.0577245
0.00595059
-0.050963
-0.0285138
-0.0180123
-0.0177507
0.00686952
0.0513593
0.0698809
-0.0280656
0.0562538
0.0135779
-0.0227065
-0.0605398
0.0391545
-0.101433
0.0425419
0.017842
-0.0547399
-0.066506
-0.0222055
0.00514425
0.0259206
0.0153227
0.000911221
-0.0211638
-0.105714
-0.0657491
0.0159411
0.0954273
-0.105364
0.10765
-0.0432427
0.103909
-0.0314138
-0.184052
0.0633176
0.00583838
-0.122418
0.0391902
-0.0650927
0.0339188
-0.0254807
-0.062925
-0.0618111
-0.00393246
-0.0168946
-0.0170056
0.0461344
-0.0274772
-0.00415187
-0.0116138
-0.0332318
0.0470182
-0.0145724
0.0513752
-0.0711384
0.0693451
0.00118034
0.0214973
-0.123378
-0.0721556
-0.0133642
0.0642691
-0.0493533
0.114282
-0.0666699
-0.0150506
-0.0106586
0.0580634
-0.0685318
-0.00668181
0.0239795
0.0223625
0.0578265
0.0340622
-0.0680582
-0.0183353
0.0635374
-0.0879361
0.02739
-0.0904118
-0.0715881
-0.0682195
-0.0359218
-0.123165
0.076238
0.00759873
-0.043956
0.0338226
0.104563
-0.0607261
0.0485066
-0.0431936
-0.0499248
0.064766
-0.0134964
-0.0313383
-0.0663804
0.00226575
0.0489469
0.0720362
-0.054913
0.0415614
-0.0464973
0.0131264
-0.0405295
-0.00573892
-0.0733627
0.0403846
0.0646847
-0.0959769
0.00280228
-0.00795662
0.0519397
-0.0573502
-0.0309538
0.0400903
0.137137
0.113686
0.0430732
0.167873
0.0319418
0.0998897
0.000964966
-0.113779
0.0237752
0.127238
-0.126943
-0.106675
-0.075243
-0.0640136
0.115834
0.0624581
0.0139573
0.00425322
-0.0343826
0.0137113
0.0620094
0.0109959
0.0483602
0.0284094
0.0894026
-0.0643023
-0.0155878
-0.0121743
-0.0421385
0.0105814
-0.0614485
-0.0234819
0.0644076
0.0212386
-0.0743012
0.0282405
-0.0206025
0.0667636
-0.0490815
0.0593515
0.061906
0.0382573
-0.0806989
0.0060524
-0.0430874
-0.0861124
0.0290718
-0.0239856
-0.00186942
-0.0119224
-0.00481184
-0.104393
0.0933255
0.0468377
-0.133923
0.0676448
0.0960981
0.0213607
-0.0499558
0.0153583
0.00407305
-0.0536699
-0.0344566
-0.0530385
0.19298
-0.0303256
-0.128051
-0.056117
0.00763353
0.0588007
-0.012904
-0.0891364
-0.0531413
0.0674049
0.0373216
-0.00964288
-0.005367
-0.0998625
0.00931193
-0.0117124
-0.143376
-0.0539807
0.016399
0.0684824
-0.024296
-0.0128536
-0.00204408
-0.0684163
0.140301
-0.0465501
-0.00561335
0.0469553
0.0317414
0.0964875
-0.0314672
-0.0949115
0.0765768
-0.136222
-0.0497738
0.0723479
0.116929
-0.00294966
-0.0987342
0.00930768
0.0421164
0.0675121
-0.0100105
-0.028692
-0.0583318
-0.0798505
0.164509
0.0360186
-0.00259945
-0.0115844
-0.0217013
-0.04732
-0.0188006
-0.0497571
-0.0535906
0.00486129
0.102219
0.0300215
5.23688e-05
0.0166628
0.0549262
-0.0117286
0.0162596
-0.0729302
0.0721679
-0.13506
-0.0335996
-0.0231337
0.0235835
0.117514
0.124197
0.0445443
0.0831033
0.0545989
-0.02177
-0.0311773
0.0247057
-0.149236
0.0775145
0.0274618
0.0552673
0.0634828
0.0227924
0.0383342
-0.019298
-0.0798136
-0.0485053
-0.0755543
0.123756
-0.0117526
-0.0198372
0.0925809
0.115797
0.0421699
-0.00782623
-0.0611459
0.0716969
0.0179287
-0.0425863
-0.0593649
-0.00113289
0.0513272
0.0118817
0.0104302
0.00443748
-0.0281032
0.0537193
0.0383801
0.0138286
-0.0487759
0.0561141
0.124704
0.107087
0.208619
0.035381
-0.0186238
0.016479
0.0557955
-0.0334279
-0.0451182
0.0833825
-0.0395753
0.0163926
0.139801
0.0560428
0.0737382
-0.000231039
-0.0502464
0.0276845
-0.0698998
0.0104415
0.0557797
0.091462
0.11588
0.0337083
0.0563766
0.00953629
0.0123281
0.0458305
0.00860718
0.055643
-0.0239084
0.0769325
0.150677
0.0988465
0.0339317
-0.0663251
0.0725278
-0.05287
0.131455
0.0342779
-0.0130859
-0.00682314
0.0252345
0.0898141
-0.0431519
0.0796104
0.0560776
0.0503886
-0.021013
0.00400546
-0.0664712
0.0917268
0.0624711
0.0307404
0.0424767
0.0426009
-0.00603889
-0.0345684
0.0383916
0.145747
-0.0659581
0.0542169
-0.0792333
0.0209648
0.0842544
0.0780499
-0.0332113
0.0202719
-0.0037299
-0.112302
0.0745234
-0.0341057
0.0133757
0.0443036
-0.0286882
0.00394063
0.114209
0.0831366
0.0568971
0.0497352
0.072939
-0.0372932
0.0182486
0.043542
0.0542098
0.0994839
0.108041
0.0672769
0.0484899
0.0928325
0.0780796
0.055354
-0.115367
0.033806
0.0513425
0.143649
0.00625068
0.107522
0.0980007
0.0633697
0.094725
-0.140107
0.157541
-0.0203722
-0.0448989
0.0343129
0.0392165
0.0753183
0.0525309
0.125749
0.0798611
0.00123502
0.00268302
-0.0420118
-0.0919907
-0.0128781
0.0533232
0.0663163
0.146814
0.0160024
-0.0315497
0.0500811
0.0658547
0.15586
-0.0246676
0.0395077
-0.0431284
-0.0248823
0.0207115
0.0114152
0.0227911
0.0511964
0.0385155
-0.0439949
0.106053
0.103035
-0.0844459
0.00947109
-0.00494802
0.0331572
0.0576976
0.0532128
0.0165935
-0.00338027
0.0759409
-0.0130319
0.0968684
0.025537
0.0702821
0.0407563
0.044586
-0.0535112
-0.00993694
0.0179198
-0.0172629
0.160774
-0.0714612
0.083677
0.0194291
0.0535577
0.00393121
0.088501
-0.0130235
-0.0216275
0.0104062
-0.0280315
0.0728651
0.00717315
-0.0263742
0.00689447
-0.0217864
0.0136729
0.117736
0.0225589
0.158076
0.0390048
0.0634311
0.038099
0.0274206
0.022828
0.0307509
0.0347236
0.0862059
0.0658066
0.0811412
-0.0113524
0.0491065
0.126998
-0.111858
0.0720464
-0.0435312
-0.00737482
0.0203833
0.0184656
-0.0272397
0.0855986
0.0131194
0.041696
0.0696514
0.0519254
0.0288684
0.0610315
-0.000366353
0.0915903
0.0309262
0.0336111
0.12216
-0.0417496
0.0202565
0.00886188
0.0637915
0.0269629
-0.00502643
0.0702413
0.0313478
0.0248442
0.0397559
0.0794717
0.0795545
0.102809
0.0395438
0.133628
-0.0075445
-0.0218735
-0.0225669
-0.0942302
0.0137729
0.0250025
-0.0315655
-0.0628127
0.0463747
-0.0137085
0.0703346
-0.0191701
0.00686038
-0.062669
-0.000814913
0.0617876
0.0657413
0.0283097
-0.0102921
0.0703166
0.0274208
0.185569
0.0938758
0.0226196
0.0485451
-0.102377
0.11456
0.0923632
0.0178643
0.0454166
0.0654242
-0.0316996
-0.106564
0.0751217
0.039739
0.0142136
-0.0405721
0.0154963
-0.0618244
0.0521903
-0.0527983
0.0939231
0.0538281
0.0099178
-0.06896
-0.014886
0.00484181
0.0089982
0.10834
0.0139952
-0.0206071
0.107585
0.0166092
0.0541401
-0.0364192
0.0630699
-0.0525681
-0.134279
0.133686
-0.0400884
-0.011399
-0.00371473
-0.0127337
-0.0169764
0.019944
0.0392109
-0.127236
-0.126408
0.0379561
0.00719801
-0.0988277
0.122025
0.0330682
0.00103637
0.0542292
-0.0673001
-0.0326879
-0.0800399
0.033197
-0.0146481
0.100341
-0.0010887
0.125651
0.0415185
-0.0495645
0.0772912
0.0568244
0.0223502
-0.0856024
-0.125044
0.137703
0.0133149
-0.0555443
-0.0262424
-0.00487065
-0.0104312
0.0508978
-0.0228661
-0.011696
-0.0118008
-0.0773863
0.049865
-0.0723543
0.0641265
0.0582912
-0.11725
0.103854
-0.123549
-0.0574049
-0.150764
0.0437275
0.0258452
0.0594944
-0.0273346
0.0683924
0.00716393
0.00281277
-0.00156893
-0.108892
-0.0349875
-0.0403906
-0.0674146
0.0325958
0.0123268
-0.0850473
-0.101709
0.0480085
0.107841
0.0984213
-0.0647015
-0.122678
-0.0962616
-0.0919448
-0.00816943
-0.161295
0.0957155
0.0151393
-0.0862984
0.12558
-0.164471
0.0132985
-0.00501877
-0.0504823
-0.0330182
0.113877
-0.103864
-0.0909209
0.0721089
-0.0176408
-0.0691697
0.00696051
-0.0106077
-0.21572
-0.0655684
0.0395716
-0.00288632
-0.118431
-0.0101954
-0.0156583
0.0811938
-0.0757319
-0.0136775
-0.128452
-0.0531661
0.0015111
-0.0510663
-0.204535
0.154114
0.0359326
-0.115915
0.0456899
-0.195508
0.0884272
-0.0688303
0.000164692
0.080642
0.108132
-0.038483
-0.113689
0.169592
-0.0830991
-0.149796
-0.0133371
0.0755051
-0.0733807
-0.114006
0.0421841
0.0575444
-0.0804314
-0.0472787
-0.161948
0.0480138
-0.043284
0.0458138
-0.0658669
-0.0577716
-0.0758653
0.0169993
-0.0301372
0.0314619
0.0218047
-0.106159
0.0783113
-0.0496303
0.0805484
-0.0650713
0.0350702
0.0263146
0.115531
0.0164824
-0.0304076
0.189587
-0.0390986
-0.0753919
-0.0898027
-0.00564744
-0.0900805
-0.0648291
0.0391888
-0.0430597
0.0142547
0.0731116
-0.0205061
0.0220209
-0.0108555
-0.0473373
-0.0400981
-0.000957802
0.0587011
-0.0341882
-0.0770745
-0.0343614
0.0152747
0.012713
0.0624736
-0.0370298
0.00304377
-0.0701898
-0.0405661
0.0304278
0.00993172
0.0504565
-0.107231
0.0668021
0.053475
0.0294408
-0.0479358
-0.0186498
-0.0462639
-0.085626
0.0235191
0.0167197
0.0178553
0.0094784
-0.0280296
0.0429191
0.0689009
-0.0572753
0.117738
0.0627191
-0.00352829
0.049781
-0.084025
0.121662
-0.00167135
0.00995643
-0.00486528
0.00378951
-0.0344851
0.0540582
0.0405803
-0.00900311
0.0133565
-0.0239367
-0.0179158
-0.0510158
-0.0258774
-0.123414
-0.0862109
0.0192465
-0.00022401
0.0692903
-0.039398
-0.0626379
-0.0573032
0.00832688
0.00195076
-0.0270884
0.034204
0.0872224
-0.117868
-0.0221331
-0.00994378
-0.0123656
-0.0170949
-0.039079
0.0448852
-0.0430101
0.0325823
0.0395259
0.034297
0.00532851
0.00103089
0.00526323
-0.0177642
-0.0864556
0.0876152
0.0209138
0.0377021
0.0289257
0.0365102
-0.0254774
-0.019518
0.00250231
-0.0424759
-0.0556704
0.0512585
-0.0507875
-0.0390939
0.0369105
0.00696183
0.00632885
-0.0252132
-0.0114077
-0.0516482
0.00470433
0.0700635
-0.0287456
-0.0678797
0.00907163
0.0945497
0.0188651
0.0307506
-0.0663022
0.0217275
-0.0735734
0.0591621
-0.0308063
-0.0103069
-0.0275327
0.0464254
-0.0112288
-0.136179
-0.0785731
-0.0500877
0.040636
-0.0216837
-0.008157
0.00508251
0.0636727
-0.0467208
-0.0604966
-0.0709675
0.00164747
0.130229
-0.0497934
0.0167823
0.0641263
0.040363
0.0683515
-0.0421167
0.0291232
-0.0162083
-0.0132736
-0.0390037
0.000350029
0.0192644
0.0655964
0.0258795
-0.0675614
-0.0478337
0.01618
-0.0658958
0.0663929
0.07978
-0.0460022
0.0293263
0.0590287
0.025786
0.0431381
0.0296803
0.060854
-0.0228819
-0.00840093
-0.123788
0.00410606
0.093102
-0.060314
0.0559619
-0.0346791
0.0213423
-0.00935974
0.0110363
0.0299654
-0.0246021
0.0594171
-0.00144834
0.00169767
0.0266082
-0.0094066
-0.0269716
0.0120286
-0.0783431
0.0604212
-0.00752717
-0.0519772
-0.0416966
0.00526458
-0.00504991
0.0240277
-0.0487295
0.0457378
0.136568
0.0308124
0.0605549
-0.0729767
-0.016989
0.151286
0.0437538
-0.0205771
0.00163309
-0.0405663
0.020251
0.0108754
-0.0204126
0.0679273
-0.0243961
0.0647743
-0.0970213
0.0375755
-0.0584449
-0.0392213
-0.0648497
-0.0119708
-0.0792037
0.0940732
0.0424275
-0.0088671
0.0840721
0.0419489
0.111838
-0.0517386
-0.0223096
0.010389
0.148897
-0.088195
-0.0758059
-0.0804095
-0.00729873
-0.0390163
0.0769928
-0.0396466
-0.0411829
-0.0951311
-0.0733548
-0.0936697
0.090364
0.00351086
-0.0364697
0.10795
-0.153393
-0.0211858
-0.00566851
0.0523952
-0.0300091
-0.0372466
-0.00590248
0.120114
0.0528873
0.0047851
-0.0268107
0.0430344
0.0561168
-0.0088562
-0.03057
-0.0343921
0.0595843
-0.100207
0.0427028
-0.129689
0.0347533
0.0705378
0.0296236
-0.0128906
-0.0896079
0.0348413
0.0358104
0.0236399
0.0222988
-0.11855
0.0213265
0.139222
-0.123287
0.0281157
0.00960353
0.0313189
-8.68763e-05
0.0623393
0.0181724
0.136113
-0.0951063
-0.0486693
-0.0205032
0.00712618
0.182569
-0.103147
0.00126569
-0.0662921
0.0330639
-0.0294525
0.0239119
0.0284056
-0.0618693
0.0602554
0.0275349
-0.0713742
-0.094031
-0.0396545
-0.0508526
0.0151912
-0.0113915
-0.0128111
-0.0738857
0.0431602
-0.0420654
0.0354839
-0.0499323
-0.0501768
-0.10893
-0.012167
-0.0407442
0.106301
0.0120479
-0.104398
0.0708471
0.0219453
0.0590825
-0.0129756
-0.0360356
0.0215764
-0.00933507
-0.105009
0.0335237
-0.0311008
-0.00737307
0.0824667
0.0324552
-0.0326487
0.0579257
0.0380046
-0.0786892
0.0678482
0.010014
0.00404822
0.0552689
0.109978
-0.0519775
-0.024672
0.0259481
-0.0401209
-0.0442887
0.0724638
-0.121647
0.0402497
0.102432
-0.0449356
0.0444039
-0.0284697
0.015969
-0.0154489
-0.0519876
0.0107141
0.0948051
-0.0856517
-0.0480025
-0.0981914
0.0275744
0.0694988
-0.0999252
-0.0262685
0.0243267
0.0212609
-0.0671202
0.0960874
-0.0595447
0.00805682
0.00267513
0.146623
0.00583617
0.0712287
0.0393942
0.0360747
0.0319516
0.0329024
-0.0160664
0.122549
0.0438001
0.0128293
-0.0161016
-0.062576
0.00102472
-0.0142442
-0.0388253
-0.0602881
0.112813
-0.0156578
-0.0534388
0.0390001
-0.0814746
0.0667442
-0.00185587
0.05294
0.027289
0.0249656
-0.0444882
0.0128381
0.00406153
-0.0243844
0.0250709
0.0492827
0.0790974
0.0295192
0.0495214
0.0219816
0.0337169
0.0804107
-0.136907
0.0878276
0.00366915
0.034858
0.106043
0.0717745
0.162738
0.0406063
-0.0235279
0.146527
0.0306449
-0.00636694
-0.00723838
0.0455176
-0.0515291
0.146244
0.054498
-0.024054
0.0164956
-0.0276398
0.00699858
-0.126929
0.0440207
-0.023935
0.0135946
0.100567
0.0631307
0.000856092
-0.0265519
0.0248755
0.0855417
0.117766
-0.0212407
0.0385666
-0.0815831
-0.0400034
-0.061262
-0.0136568
0.0831598
0.0304016
0.0326217
0.0358038
0.037734
0.0512737
-0.0697625
0.0132983
0.076901
0.0134471
0.0630165
0.0999075
0.125926
0.0556228
-0.00630695
-0.0959885
0.0831664
0.0251431
0.116033
0.0131347
-0.0224419
0.108057
-0.0206787
0.0991747
0.0330457
-0.0352171
0.0245679
0.0835509
0.0436794
-0.0732733
-0.00327696
-0.00492459
0.0457365
0.0895466
-0.0241609
0.00999345
0.0122953
0.0792407
-0.0343907
-0.0197678
-0.00546217
0.110837
-0.0113882
0.0214367
0.152302
0.075606
0.0314326
-0.0751683
0.0860891
0.0132149
-0.0595726
-0.0174803
0.149438
0.046065
0.0451096
0.132498
0.0860863
0.0574488
0.0261877
0.0164293
0.044522
0.0848017
0.0175688
0.0128349
0.0969054
0.169793
0.0535969
-0.0733454
-0.00805642
0.178263
-0.114924
0.0406835
-0.0762089
0.013019
0.125406
0.0712819
0.150156
0.0225629
-0.00972723
-0.0637607
-0.00823478
0.0331598
-0.0544393
0.0165928
0.0430656
0.0619878
0.0186504
0.12228
0.0914272
0.0159981
0.005325
-0.0840712
-0.0285148
0.0241097
-0.0192167
0.0929202
0.121671
0.0329974
0.0653251
-0.0669749
0.103749
0.196625
-0.0790877
-0.0239213
-0.0587799
-0.0123972
0.0481158
0.0706093
0.105526
0.137024
0.0439011
-0.132436
0.00225287
0.027065
-0.0288245
-0.012876
-0.0620277
0.108418
0.144584
0.0931115
0.131305
0.0212838
0.091215
-0.121673
-0.0112114
0.106634
-0.096776
-0.0206561
0.119638
0.11615
0.0451073
-0.0470402
0.112224
0.138616
-0.089442
-0.0677617
-0.1076
0.0428252
0.0823308
0.06658
0.10162
0.0890591
-0.0458133
-0.0684111
0.0191559
0.00948093
-0.0794015
0.0563723
0.0184261
0.0585512
0.0577069
0.0296588
0.12633
0.0707848
0.128987
-0.102409
-0.0652527
0.0546925
0.0492058
0.0480066
0.157007
0.0427111
0.0515459
-0.0563576
0.0213895
0.103916
-0.0776033
-0.0170056
-0.0208997
0.0448138
0.00566902
-0.0300584
0.132099
0.0228589
0.00919292
-0.122067
0.057218
-0.0445521
0.00594787
0.0508007
0.0528976
0.0757582
0.0556122
0.00243857
0.135627
0.130956
0.0864257
-0.0733584
0.0330748
0.0493272
-0.0244683
0.0815731
0.0671829
0.134725
0.0769044
-0.00952803
0.149511
0.0541858
0.00436598
-0.0285791
-0.0020186
0.103507
-0.00621925
-0.0293507
0.0526618
-0.0265208
-0.0254087
-0.0518748
0.0147792
-0.0226649
0.0496805
-0.0199675
-0.0169288
0.0144587
0.0632543
0.0179821
0.115066
0.166865
0.0188672
-0.0451076
0.0230934
0.17398
-0.045773
0.0844377
0.0798784
0.18864
0.0650664
0.0350465
0.0193368
0.0915767
0.00171014
0.0396549
0.0116779
0.0835968
0.144151
0.00558112
0.094369
0.000713725
-0.0245152
0.0477905
0.0524014
-0.147933
0.114631
0.00709803
-0.0906748
0.0579607
0.0374387
0.02463
0.116587
0.119545
0.0684205
0.022975
0.0052841
-0.00802305
-0.0313032
0.00871272
0.0501799
-0.0117917
0.0398221
0.0187189
0.0941638
0.00755542
-7.15623e-05
0.0887714
-0.0101297
0.108061
-0.0462604
-0.0579642
0.0283387
0.0663521
-0.0101606
0.0926662
-0.0246083
-0.0841029
0.0310246
0.0482649
0.00776263
-0.0846717
0.05981
-0.0771945
0.0379064
0.0833063
-0.0267197
0.0174031
0.0135235
0.0637365
0.0185459
-0.0136726
-0.041498
0.0508974
0.0102622
0.0285452
0.00463849
0.0831334
-0.0521591
0.0150511
-0.0327752
0.127119
-0.0949975
0.0372832
0.0452155
-0.050981
-0.0797814
0.0696581
0.00779168
-0.046913
0.0707472
-0.0167287
-0.0253608
0.0362134
0.0141493
0.0408922
0.0200076
-0.00612951
-0.000298592
0.110109
0.0527002
-0.00101015
0.0145533
0.0374752
-0.0142921
-0.0696774
0.0301025
0.0235928
-0.0416488
-0.0527339
0.0146478
0.0692856
-0.0438677
0.100883
0.0598058
-0.0405428
-0.038977
-0.0617355
-0.0713819
0.0435337
0.115236
-0.0286498
0.164272
-0.067653
-0.0895292
-0.00469954
0.0198213
0.100526
0.072758
0.0668384
-0.0569012
0.0106818
0.0527323
0.0201573
-0.0315738
0.0504732
-0.0988249
-0.0318819
0.0636504
0.17088
-0.0170804
-0.0244637
-0.0554616
0.0188184
0.0363596
0.0378374
-0.157812
-0.0426369
-0.0335669
0.00908773
-0.189211
0.128036
0.166603
-0.102023
0.0237215
-0.09072
0.0201458
0.0245971
0.0132921
-0.0804549
0.0585291
-0.0892151
-0.106099
0.0765863
-0.0148491
-0.0303361
-0.0104753
0.0949709
-0.095864
-0.0440996
0.148698
0.156783
-0.135677
-0.0685395
-0.0668207
0.19311
-0.0348244
0.00691729
-0.159729
0.00421566
0.0329478
0.0288963
-0.151303
0.0965196
0.0151703
-0.127338
0.175443
-0.0947444
0.129765
-0.0703461
0.0325659
0.0651607
0.0524944
0.000676693
-0.141501
0.273222
-0.0508204
-0.0845922
-0.0294598
-0.00335888
-0.193496
-0.0818443
0.05639
0.109306
-0.120445
-0.0655893
-0.0962669
0.180439
-0.0378706
0.147107
-0.197662
-0.0534116
-0.0235436
-0.050472
-0.0974675
0.0766076
0.0722434
-0.0761017
0.0777196
-0.130669
0.0711981
-0.0249157
0.0332384
0.0967588
0.0721836
0.0724423
-0.0678301
-0.00957708
-0.06049
-0.0632827
-0.166332
-0.000785736
-0.122131
-0.0776102
0.0244116
-0.0128772
-0.177327
-0.0520759
-0.0369687
0.0655391
-0.0144869
0.0221304
0.0544756
-0.0976153
-0.016913
0.000840274
0.00791179
-0.035888
-0.0219607
0.0144056
0.00679097
-0.0152307
0.0838944
-0.107222
0.0674678
0.082634
-0.0314109
-0.021565
-0.0820544
0.0196988
0.00781631
-0.0436167
0.00454703
0.0301341
-0.0625042
0.0112102
0.00706421
-0.0777066
-0.0186034
0.176064
0.046948
0.0423691
-0.000715277
0.035783
-0.103052
-0.0445799
0.0114978
-0.0317645
0.032897
-0.00745722
-0.0108521
0.0933428
0.0496213
0.0481364
0.0426727
-0.0583573
-0.0157074
-0.0610099
0.0512161
-0.0412556
-0.023232
-0.00457429
-0.0609189
-0.0256978
0.0286539
0.0128155
-0.0444672
0.0735045
-0.00789846
0.102075
-0.0142999
-0.0463257
0.0745957
0.028186
0.0637105
0.0272468
-0.0347315
0.00906799
-0.00140161
-0.00653168
0.0110979
-0.00661565
-0.0723981
0.065026
0.0541654
0.0494381
-0.0586416
-0.015294
0.0108378
0.0164041
-0.0569217
0.0148214
-0.0440192
-0.00896416
0.0532891
0.0578343
-0.0179816
0.0698527
0.00552296
0.00556574
0.115276
0.0212976
-0.0493117
-0.0158319
0.0536821
-0.0421085
-0.0448014
-0.00881012
-0.0170964
0.0626117
0.0755796
-0.0398849
-0.033757
0.00583058
0.0056001
0.0248335
-0.0775394
0.0343771
-0.0737177
-0.0193447
0.0254429
-0.0285077
0.0284238
-0.0226261
-0.00151414
0.0594834
-0.00233318
0.00111124
0.0011838
-0.0224713
-0.0412357
-0.101848
-0.0597825
0.0944983
0.012196
0.0386739
-0.0125412
0.107358
0.0096132
0.0496056
-0.0502556
-0.00759879
0.0803344
0.0406943
0.0472089
-0.0446668
-0.029902
-0.0410565
-0.0658161
0.00416249
0.0366024
0.0149975
0.010082
-0.0765496
-0.0448351
-0.029995
-0.00263933
0.0431156
0.0178596
-0.0254762
0.0976335
-0.0558775
-0.0310356
0.00377064
-0.038631
-0.0315909
-0.132526
-0.0490134
-0.0350831
-0.0644423
-0.139397
0.0190877
-0.0193587
0.0729285
0.0742017
-0.0165142
0.10841
-0.0250116
-0.0147138
0.0347006
-0.0530651
0.121178
-0.0425609
0.0233329
-0.00210825
-0.0535788
-0.0104453
0.0322205
-0.0308306
0.0817165
-0.0642117
-0.0506407
0.0188448
-0.00164557
0.0851879
0.135173
-0.0305128
0.050818
0.0263847
-0.0213101
-0.00744553
-0.108803
0.0223908
0.057431
0.0746988
-0.0794545
-0.0770549
-0.0643811
0.0319903
0.0704603
-0.0819077
0.0156549
-0.000815691
0.0406405
-0.191355
0.0223539
0.0633386
-0.00393666
-0.0587403
0.0417158
-0.00868673
0.0130263
0.0520178
-0.224021
0.0918131
0.0106925
0.0829795
0.0721658
-0.0630808
-0.0612244
0.0846781
-0.0985002
0.0140877
-0.0983734
-0.0199699
0.141462
0.135473
0.0370646
0.0449794
-0.0501317
0.00412063
-0.00647664
-0.0718974
-0.034287
-0.00617984
0.0719524
-0.118467
-0.018656
0.0732979
-0.0281814
-0.0812536
0.0195934
-0.0724064
0.0765165
0.0253562
-0.067725
-0.0372599
0.0261784
0.0497325
-0.144478
-0.0217855
-0.0440645
0.0769573
-0.0452988
-0.00107636
-0.00647959
-0.0515517
0.0666801
-0.0302978
0.0106867
0.0139028
-0.00887596
-0.03286
0.0277037
0.069553
-0.0398473
-0.0640474
-0.0335645
-0.0783623
-0.0687254
-0.00837108
-0.0629398
-0.0355217
0.0193215
-0.0211051
0.119583
0.165482
-0.079273
0.0378404
0.0540164
0.113843
0.0910539
-0.0977926
0.0126607
0.0567658
0.0240522
-0.0557339
0.0483258
-0.025628
0.0315919
-0.0476402
0.0584595
0.0539302
-0.00311481
-0.0122485
-0.0174291
0.0148523
-0.0157844
0.0466709
0.127836
-0.088928
0.0113485
-0.0198235
0.0431825
0.00475432
0.0298347
0.0643722
0.184956
-0.0154133
-0.0880848
0.00551363
-0.0401409
0.122836
0.0331202
-0.0537436
0.104415
0.0840424
-0.0200236
-0.0563306
0.0857861
-0.00399672
0.138346
-0.0420943
-0.015142
0.0509255
0.0855616
-0.00300782
0.00508801
0.0301216
-0.0681696
0.0417942
0.0308006
-0.0826719
0.00764343
0.138623
0.0336734
0.0244647
0.0149895
-0.0505989
0.0710459
0.0266577
0.0345249
0.0728133
-0.0416159
0.0428716
0.00751873
0.0459166
0.00438945
0.0310329
0.0241022
-0.0845167
0.0793928
-0.111664
0.084062
-0.00483938
0.0482713
0.0538038
0.0531915
-0.023546
0.109132
0.00863985
-0.0017477
-0.00122578
0.051082
-0.00428284
0.1252
0.0301121
0.0628487
0.0495441
0.0603416
-0.0308198
0.0815998
0.0473624
-0.0365574
-0.0311271
0.00674984
0.0487447
0.031775
-0.045914
0.0518452
0.091126
0.0625751
-0.0085258
-0.00223237
0.0253226
0.111875
0.028536
0.0480213
-0.00721625
0.0734068
-0.0364377
0.0955352
0.0951815
0.0737403
0.0738388
0.133481
-0.047119
-0.00693856
-0.0261142
0.107543
0.0705888
0.028946
0.022944
-0.0148531
-0.020379
0.000569128
-0.02266
-0.0403127
0.123591
0.0487131
-0.0431748
0.0533937
0.00257005
-0.0325976
-0.0964849
0.0210106
-0.095968
0.128703
-0.00129767
0.0438486
0.0582608
0.0904048
-0.021517
-0.0685716
0.15668
-0.0168157
-0.00791231
0.0373431
0.0192744
0.0406663
0.0054866
0.0899992
0.0463356
0.0250464
-0.0614166
0.083983
0.0440957
-0.075118
0.00928373
-0.0315149
0.12112
0.0922931
-0.0118261
0.0418864
0.00148664
0.067661
-0.060797
-0.0122406
-0.0421673
0.15984
0.0802495
0.0502597
0.0821177
0.110149
-0.00523499
0.0296415
0.0461858
0.0346583
-0.00131342
0.059986
-0.0636813
0.0505349
0.0681605
-0.00697578
0.066651
0.0570329
-0.0724136
0.0437936
-0.0351565
-0.101282
-0.0303714
0.0496231
0.0719522
0.0308111
0.0397764
-0.0369661
-0.00295842
0.0881233
0.0148456
0.103583
-0.0703687
0.055702
0.0569803
-0.000890655
0.0475141
0.0819905
0.14183
-0.138703
0.0154016
0.0459278
-0.0267125
0.0411974
0.0300857
-0.0526656
0.0465194
-0.0618123
0.0166666
0.10699
0.060112
0.025754
-0.00657298
0.00764075
-0.0493954
0.00309481
0.0256528
0.0386089
0.111931
0.0373747
0.0192436
0.0365155
-0.0390273
0.00852393
-0.187929
0.0615803
0.106832
-0.015523
0.0953208
0.0170485
0.0578558
-0.0816241
0.0299219
0.064939
-0.0607512
0.0996124
0.0330819
0.083081
-0.0322228
0.0548504
0.111289
0.125788
0.0141308
-0.0594697
0.0226403
0.134804
-0.0491668
-0.0325126
0.0715894
0.136854
0.0662473
0.00800497
0.0953021
0.148115
-0.116307
-0.0442318
-0.0539952
0.0202869
0.0887248
0.113154
0.120856
0.125526
0.057212
-0.117358
-0.0596455
0.102666
-0.0136654
0.0649784
-0.0315335
0.0253677
-0.0832344
-0.0494913
0.0775688
0.0497009
0.110999
-0.0387905
-0.0640984
-0.0198565
0.0339615
0.0800475
0.0140192
0.160875
0.0128055
-0.0873038
-0.0151542
0.019534
0.0392444
-0.0268942
-0.119416
0.0224097
0.103896
0.0108936
-0.0209162
0.0389953
0.0153681
-0.0426771
0.029553
-0.0352841
-0.0904002
0.0540723
-0.0162026
0.0976058
0.0138559
-0.0297371
0.0664521
0.0574898
0.0542395
-0.0437465
0.106538
0.043823
-0.00436932
0.0273381
0.113371
0.113192
0.0830488
-0.0323019
-0.0572109
0.0615575
-0.0108753
-0.0222922
-0.0639894
0.0497653
0.0969625
-0.00432364
0.0547618
0.10738
-0.0524247
0.00659497
0.0162323
0.0632207
0.0447429
0.0321301
-0.0637822
0.133332
0.0260326
-0.00820457
0.103279
0.166648
0.0658039
-0.0523549
0.051672
0.100659
0.0489804
0.0240125
0.0396979
0.139197
-0.00027973
-0.0554484
0.00188399
0.0672606
0.0470644
0.0895393
-0.0774523
0.0316762
0.0739199
0.0487592
0.127895
0.0514737
0.0309874
0.00318994
0.0458105
-0.079732
-0.0136562
0.123038
-0.178024
0.00649266
-0.00863391
-0.0988744
0.0418471
-0.0147722
0.0605395
0.0995246
0.0532847
0.0431035
0.00948349
0.0705425
0.140426
0.0462343
0.0416664
0.0462705
-0.0291159
0.00210165
0.0217782
0.0166511
-0.00989213
0.174988
0.0394397
0.0966754
0.0503068
-0.0112288
-0.0458289
-0.0418907
0.0591854
-0.0839066
-0.00590453
0.0277679
-0.110043
-0.0660832
0.0166611
0.0029204
0.0352229
-0.00357863
0.0596867
-0.0465957
0.0190574
0.0403761
0.0516273
0.0871976
0.0455041
0.0463605
0.0776431
0.0390046
-0.0761994
0.00904165
-0.0525127
0.0151008
-0.0627708
0.0569287
0.0081186
0.0386564
0.0203548
-0.0154272
-0.0708014
0.0038341
-0.0146789
0.0103254
0.0390112
0.0367953
-0.0290673
0.128006
0.05462
0.0211102
0.0104653
0.150925
-0.0572915
0.0746384
0.0589397
0.0604788
-0.0373908
0.103798
0.0785751
-0.0207364
0.157673
-0.0247655
0.00837349
-0.0426174
-0.0277747
0.0708357
-0.087314
0.0455229
0.0725909
-0.00256935
0.0274374
-0.0476329
-0.0427198
0.109397
0.028532
-0.0434661
0.112658
-0.0509062
-0.0290615
-0.00994956
0.101378
0.0602482
0.0191822
-0.0329097
0.0292038
0.103591
0.111047
0.0477373
-0.0708969
-0.00899334
0.110376
0.0578589
0.00822536
0.0260514
0.038341
-0.0353689
-0.0425724
0.0910254
-0.036846
0.0528058
-0.128888
-0.0732748
-0.0723626
-0.0303563
-0.0299223
0.0674173
0.190458
-0.0231299
0.133846
-0.070968
-0.0501932
0.0100252
0.085963
-0.034908
0.0267696
0.0618589
0.110911
0.0925865
0.0489201
-0.0178069
0.000280344
0.152255
-0.0614418
-0.0815689
0.0546957
0.0976071
-0.0597322
-0.0619502
-0.170473
0.187131
-0.0435063
0.0497071
-0.163452
-0.0659065
-0.0325534
-0.0412944
-0.195616
0.137124
0.0312656
-0.187893
0.16756
-0.0917348
0.0662173
-0.0698778
0.058715
-0.0063232
0.0293822
0.0615768
-0.0390535
0.0819569
0.0227984
0.0377347
-0.109496
-0.0119225
-0.0528264
-0.0671618
0.0718458
0.136353
-0.10879
-0.0308282
-0.17943
0.142035
-0.0749127
0.0915466
-0.155583
0.00832234
0.0188528
0.0353729
-0.188369
0.111684
0.166457
-0.190375
0.144322
-0.126544
0.171209
-0.0252558
0.0435084
0.036832
0.106137
-0.040958
-0.0054906
0.211826
0.0163587
-0.0609803
-0.104147
0.0987561
-0.0765813
-0.110123
0.080726
0.0906854
-0.161211
0.0126452
-0.206565
0.222056
-0.131744
0.102178
-0.195274
-0.120404
0.0808453
-0.0991431
-0.169509
-0.0922353
0.130949
-0.121942
0.116381
-0.120225
0.0960811
-0.108126
0.0589277
0.123073
0.0985607
0.0717269
-0.130551
0.0915319
-0.174194
-0.193769
-0.204903
0.1863
-0.0625435
-0.101396
0.106182
-0.051877
-0.0931387
0.0862485
-0.0452108
0.0528783
0.00378551
0.0943072
-0.0354056
-0.00380456
0.042697
-0.177786
0.00246443
-0.0296491
0.0342327
-0.0357184
0.0487678
-0.0468955
-0.00618921
-0.0387497
0.0448824
-0.0481617
-0.0487995
0.0500831
-0.0967122
0.0625937
-0.0774145
0.0277944
-0.151666
0.0415225
-0.0210862
0.0420059
0.015066
0.0102653
0.0137669
0.0204761
0.0447316
0.0726528
0.02995
0.105655
-0.00129935
-0.0420736
0.0591664
0.00666739
-0.00285977
-0.0184187
0.0424044
-0.0352254
-0.0401451
0.0460231
-0.0443482
0.0400398
-0.030076
0.0699084
-0.0345111
0.00726659
-0.042512
-0.0424043
0.0320435
-0.0415455
-0.0200393
0.0658792
0.0578861
-0.000659425
0.00810857
-0.0380142
-0.132248
-0.023883
-0.0316462
-0.0305259
0.0441092
-0.0130389
0.0307345
0.0560965
0.0161067
0.0361182
0.0810963
0.00226229
0.0277176
-0.0100311
0.0229052
0.0507806
0.0282715
0.0417318
-0.052842
-0.0124591
0.0148715
-0.0394391
0.0201815
0.0302077
-0.0502917
0.0289364
0.0194908
0.056916
-0.0170043
-0.000880427
0.0713762
-0.0583959
-0.0115538
0.0391717
0.080017
-0.0298468
-0.0612452
-0.0066764
-0.011231
0.078463
-0.00978456
0.0447076
-0.00381927
-0.0464768
-0.0199985
0.00587827
-0.0536973
0.034633
-0.100229
0.0240038
0.0467985
0.00954792
0.0683777
0.0240656
0.0281747
0.056095
0.0888647
0.0397095
0.039047
0.0631178
0.0670953
-0.0580474
-0.045482
-0.0479694
-0.0736263
0.0219847
-0.0299936
0.0662303
0.0264748
0.0705877
0.00500651
-0.0201076
-0.0469351
0.048604
-0.0268997
0.0963995
-0.0296063
-0.0311016
0.0190729
-0.022476
-0.0392166
-0.00711989
-0.0210319
-0.132126
0.065604
0.0441455
-0.127735
-0.023551
0.0228075
0.0608414
0.0563007
-0.0139544
0.00686708
0.130012
0.0191683
-0.0306494
0.00962537
0.00812431
-0.0349901
-0.094642
-0.145142
0.0556381
0.0292662
-0.0924959
-0.027471
0.0238455
-0.011108
-0.0557475
-0.0552668
0.0285995
-0.0607883
0.0463654
-0.0820363
0.0145892
0.01534
-0.00422356
-0.00524407
0.0261032
-0.0683766
0.0658363
0.0155457
-0.0529616
0.0826996
-0.041837
0.134558
0.0581182
-0.02439
-0.141593
0.0798946
-0.0643393
-0.040989
-0.0569718
-0.0259582
-0.0131807
0.119249
-0.102949
-0.0276355
-0.0814164
-0.00970106
-0.0290335
0.0173274
0.060835
-0.0304126
0.102591
-0.157624
0.0237572
-0.0253643
-0.0349306
-0.174849
0.0708754
-0.0200098
0.0602936
0.0291504
-0.0107253
0.0237993
0.149587
0.108811
0.017286
-0.158871
0.0296938
0.115575
-0.0256636
-0.0589273
-0.0712423
-0.00384075
0.0655008
0.0639674
-0.0203369
-0.0170704
0.0493515
0.00502534
0.00835789
0.0128648
-0.00808583
-0.0793332
0.0694581
-0.0428857
-0.0446457
0.0424699
-0.0504238
-0.123738
0.0596833
-0.101127
0.0299783
0.0594051
-0.00416775
0.101846
-0.0933018
0.0998555
0.0536653
-0.0012243
0.0209169
0.0405659
-0.0422671
0.0195794
0.00899973
0.0657278
0.0566895
0.0900641
0.0772208
-0.0372309
0.0699483
0.0368223
-0.0194372
-0.0171349
-0.0521719
-0.0198561
0.00667739
-0.0816111
0.0241329
0.099902
-0.0726309
-0.0359997
0.0849967
0.0573511
0.0947583
0.0725955
-0.0330609
0.0350624
0.00121074
0.0501187
0.042618
0.0703995
-0.104045
0.0400417
-0.0249769
0.0214611
0.046776
-0.0727102
-0.0335418
0.0041338
0.00723517
0.00692561
0.0782428
0.0304339
-0.00533622
0.00994726
-0.0346174
-0.0897614
0.0429653
-0.024606
0.0593554
0.0670927
0.0124854
-0.048465
0.054417
-0.0181261
0.0710588
0.00917981
-0.0198748
-0.00549299
-0.0348263
0.00098794
-0.0860718
0.004133
-0.0467316
0.0281605
0.0073265
-0.00207908
-0.0389879
0.00634579
0.0150609
0.00655526
-0.0540681
-0.0946596
0.0366083
-0.0215218
-0.0749875
0.107376
0.0309364
0.0545052
-0.0731212
0.0604178
-0.0703502
0.0152537
-0.00359215
-0.0133624
0.0640028
-0.0345574
0.175336
0.0455107
0.11932
-0.0666845
-0.109077
0.0849256
0.0621576
0.0284834
-0.00816808
0.0362276
0.00190727
0.00410837
0.0953673
0.0211381
0.0604722
-0.0884757
0.0504859
0.0210543
-0.0515287
-0.0337232
0.0504108
0.195575
-0.0597163
0.0561859
0.0368307
-0.00476879
0.0680712
0.142352
0.0395356
0.0689976
-0.0222864
0.0313395
0.0888471
0.0461362
-0.134484
0.0559612
-0.109667
-0.0181013
-0.0198882
0.0774337
0.0420007
-0.079342
0.0283417
0.0424526
0.00642574
0.0378528
-0.028548
-0.0916924
0.107851
0.0887983
0.0455374
-0.0258809
0.0334858
0.13378
-0.0500338
0.00206272
0.0274199
-0.0446091
0.073751
0.0204243
0.0228832
0.0200043
0.0500545
-0.00879296
0.106307
-0.0625442
-0.00815337
-0.0396428
-0.0626759
0.0526534
0.0803225
0.0903938
0.0186042
-0.151497
0.062853
-0.0662448
0.159456
0.0609298
0.0225591
-0.0341828
0.135664
0.0114427
0.079483
0.00250382
-0.0553033
0.109812
-0.0188334
0.11547
0.0660717
-0.0797662
-0.0451822
0.0746345
0.0508609
0.0305844
0.110714
-0.0465165
0.0202796
-0.00545363
-0.0194316
-0.035364
0.0310842
0.0484811
0.18267
0.0287541
0.0166762
-0.116599
0.047197
-0.0631839
0.0827179
0.114101
0.0385487
-0.149179
-0.00964605
0.0765748
0.0110703
0.0348106
0.0263213
-0.0206111
-0.051108
0.15803
0.0125384
0.0814936
0.0586259
0.0407878
0.0563875
0.0490121
0.00787216
0.021459
-0.079494
0.0415855
-0.0310793
-0.0292587
-0.0557159
0.00273536
0.0927879
0.0159756
-0.038147
-0.107042
0.000671183
0.0129537
-0.0159632
0.0211329
0.0372263
0.0418856
-0.0647281
0.0691541
0.000690417
0.108872
-0.0207023
-0.0395263
-0.0403304
0.0225671
0.0152382
0.0249265
0.0182309
0.0398759
-0.0646782
0.0217622
0.0778246
-0.0400505
0.0990824
0.0776069
0.0200367
-0.0232842
-0.0520334
0.119422
0.0804151
0.00196717
0.00672474
-0.0413937
0.0739323
-0.0856127
0.0338846
-0.0794651
0.075429
-0.000684274
-0.0102915
0.141846
-0.0489732
0.0653935
-0.0146916
-0.060079
0.104747
-0.0824045
0.0601473
0.0198201
0.0386716
-0.0321019
0.00827704
0.019619
0.142623
0.0621734
0.0244242
-0.0142585
0.0550864
0.073388
0.0775011
0.0498573
0.163081
0.121273
-0.0659881
0.00595882
0.029761
-0.132529
-0.105394
-0.0419317
-0.0316042
0.200989
-0.0431154
0.152469
0.0576056
0.0742754
-0.00305155
-0.0644126
0.06873
-0.00595097
0.0815307
-0.0878081
-0.0107892
-0.038118
0.028153
0.0394575
0.18865
-0.0347108
-0.012503
-0.01918
0.0598798
-0.183414
0.112055
0.0701297
0.133504
0.0261685
-0.0636638
0.0246365
0.0603975
0.0877038
-0.166928
-0.0622438
0.040182
0.131293
-0.113486
0.0513833
0.0261626
0.0130612
-0.0374255
-0.0564314
-0.07153
-0.0122028
0.103016
-0.197685
0.0486403
-0.0112399
-0.0708095
0.0351327
0.203474
-0.0253308
-0.0959473
0.00284927
0.0517653
-0.0450152
0.0318143
0.0607467
0.0440285
-0.0619512
-0.0434255
0.115999
-0.0170266
-0.0342371
0.00206322
-0.0970821
-0.00945914
0.206137
-0.0213953
0.0269556
0.0474173
-0.0149947
0.055252
0.00977108
-0.00986653
0.0413411
0.152281
-0.122322
0.0915544
0.0337864
-0.00528211
-0.0458119
0.0367985
0.000622606
-0.0305345
0.130806
-0.00930737
-0.0712786
-3.59848e-05
0.0962205
0.145595
0.0178537
0.0832099
-0.00502093
0.0144541
0.0395604
0.0255037
0.00574853
0.0504424
0.157579
-0.0521659
0.135477
0.0161354
0.00431738
0.0271605
0.110096
-0.0625162
0.0230731
0.0486277
-0.105665
0.0407356
0.113438
-0.085936
-0.0664329
0.172075
0.0633383
-0.0284129
0.0994025
0.17119
0.0124902
0.0588569
0.0962369
0.118039
-0.0695601
-0.00975281
0.041011
0.0922156
-0.00224882
-0.10548
-0.0759524
0.0785164
0.0591569
0.0574256
0.108915
0.00523022
-0.0765512
0.0533188
0.0566925
-0.0866777
0.130071
0.0544109
-0.144761
-0.0100607
0.101449
-0.129366
0.0491772
0.0589969
0.0453161
0.0901632
-0.0012163
0.00607939
-0.0587074
0.0196425
0.168343
0.0842746
0.0022532
0.0827251
0.0960904
-0.00935196
-0.00675219
-0.0888632
-0.0433381
0.045364
0.113776
-0.0734726
0.157801
-0.0639006
-0.0228863
0.0600957
0.0712619
-0.124724
0.0331137
0.035027
0.0212338
0.153513
0.0401491
-0.0921212
-0.067622
0.0754834
0.0660116
0.0486186
0.0916336
0.015909
0.0289786
0.07005
0.0355492
-0.0154642
-0.0769082
0.0532542
0.0543032
-0.0240352
-0.133663
0.024446
-0.0687799
0.125152
-0.0963808
-0.00442655
0.0773046
0.0234243
-0.120128
-0.0418502
0.0290544
-0.000968453
0.0693701
0.0620879
0.0336951
0.00172033
0.109477
-0.0929318
-0.0383429
0.0542471
-0.0252213
0.0521579
0.0179729
-0.0452807
-0.00504788
0.0189324
0.0228789
-0.0162542
0.0834501
-0.0504435
0.0479218
-0.0425097
-0.10807
0.0390832
0.0769988
0.0602634
-0.11932
-0.0228094
-0.0330813
-0.0526953
-0.0400219
-0.00319696
0.130274
-0.0778013
0.115186
-0.149578
0.0687291
0.00753761
0.0870212
-0.0792251
0.00339329
0.0441116
0.0116432
0.116082
0.0888636
0.018334
0.0225139
-0.00436242
0.0261912
-0.0523343
-0.042
0.00281483
0.0160356
-0.0155161
-0.0766074
0.0539453
-0.145292
0.105843
-0.262712
0.0385498
-0.0542719
-0.0230789
-0.147527
0.0657476
0.101678
-0.151087
0.00407734
-0.0647983
0.0619443
-0.0227208
0.155109
-0.0841876
0.0794305
0.0160928
-0.0559977
0.0620287
0.0616853
0.0383647
-0.0683463
0.087451
-0.0684543
-0.0678797
0.158457
0.0362497
-0.108375
0.0416777
-0.240627
0.224638
-0.148226
0.0580255
-0.267477
-0.020667
0.038454
-0.0342003
-0.165251
0.0346418
0.218544
-0.139448
0.168636
-0.132409
0.159963
-0.0907999
-0.00800665
-0.088927
0.127393
0.0826822
-0.130159
0.168476
-0.0965332
-0.0309892
-0.11416
0.15337
-0.219088
-0.0747258
0.17234
0.0596716
-0.299083
0.045531
-0.141206
0.16933
-0.153829
0.103212
-0.135974
-0.00785991
0.110867
-0.0948337
-0.224227
-0.0725893
0.0635942
-0.165448
0.185583
-0.0968431
0.0491324
0.0386276
-0.0236067
0.0399576
0.128311
0.0672488
-0.0926248
0.178072
-0.0688202
-0.106099
-0.186374
0.217553
-0.15076
-0.0125422
0.0884523
-0.0586313
-0.153067
0.023963
-0.0229987
0.11157
-0.0149859
0.170626
-0.00367247
-0.0741228
0.0695574
-0.0441915
-0.00103359
-0.0174497
-0.012085
0.0381627
0.0595789
-0.0136317
0.0650493
-0.0579399
0.037803
0.0228151
0.0485516
-0.0251739
-0.118434
0.0468959
-0.0599883
-0.0734686
-0.0491072
0.0605602
-0.126546
-0.0903206
0.0270922
0.0130789
-0.0591732
-0.00610968
0.0140468
-0.036443
0.0184348
0.013531
0.0355815
0.0125406
0.0168693
0.03123
-0.0600087
0.0382534
-0.0239617
0.0402702
-0.0115723
-0.0798305
0.0694377
0.0368853
0.0491321
0.0931498
0.130741
-0.108726
-0.0625308
0.0500784
0.0604825
-0.0186101
0.0805788
0.0501028
0.0453693
0.000244249
-0.0432779
-0.0117942
-0.0205768
0.000569451
-0.122749
-0.0166521
0.026395
-0.067831
-0.0313233
0.0112603
-0.0226599
0.0079743
-0.0672077
-0.0895236
0.0645057
0.0381668
0.0073274
0.0129056
0.0188336
-0.000477463
-0.074426
0.0147574
0.0192863
0.0204538
0.0510363
-0.0665487
-0.0115544
0.113169
-0.0203351
-0.0516056
0.0445281
-0.00218115
-0.0927309
-0.0291184
0.078351
0.028201
0.0109993
-0.0977276
-0.110653
0.0547188
0.0628559
-0.0138326
-0.0487039
0.0411866
-0.0474835
-0.0508207
0.00261823
0.0683926
-0.0190901
0.0178933
0.0185816
0.0713896
0.0463669
-0.0554123
0.0166713
-0.0659345
-0.0196167
-0.0813277
0.0888261
0.0803521
-0.00104396
-0.019132
0.0874184
0.0184889
-0.129808
-0.0311033
-0.0653454
-0.0306376
-0.00518641
-0.0633485
-0.00692688
0.0388586
0.030611
-0.0212809
0.0199601
0.0365568
-0.0213039
-0.0512138
-0.119817
0.00383462
0.0180116
0.0974488
-0.0648932
0.0177991
0.052958
-0.0184299
0.0176647
-0.0432278
-0.010137
0.0285025
0.0288324
-0.0494331
-0.00417955
-0.153183
-0.00732234
0.0522721
-0.0817354
-0.0219931
0.029521
-0.0361204
-0.00780929
-0.0590033
-0.0814634
0.0405236
0.0232099
-0.0239789
0.0292041
-0.0300283
-0.0533988
0.00453125
-0.0823578
-0.00356498
0.000157185
-0.0478642
-0.110753
-0.0721937
-0.079628
-0.0698513
-0.153199
-0.0207769
-0.0295032
0.16354
-0.0964788
-0.0826288
0.0316924
0.0358484
-0.00785586
0.0452334
-0.0849594
0.0140025
0.0495998
-0.0100866
-0.049557
-0.104986
-0.0558405
0.0899109
0.0489998
-0.0311808
0.078207
0.0509225
0.0481994
0.0387599
0.0469069
-0.0353111
-0.129724
-0.0495945
-0.0904838
0.00539359
0.00345353
-0.0771178
-0.0111313
0.0655939
0.0334655
0.123687
0.0183812
-0.020519
-0.0788905
-0.0693433
0.140382
-0.0180143
-0.100597
-0.0509101
0.00942247
-0.0721261
0.0453842
0.0822678
0.00378012
0.0733452
0.0264931
0.0515794
0.00606229
-0.0170345
-0.032762
0.0517784
-0.00396333
-0.005555
-0.0573398
-0.0320268
-0.0950548
-0.0210594
-0.0304552
0.0831039
0.00401354
-0.024166
-0.040207
0.0459305
0.00799573
0.0623527
0.0102915
-0.0837397
-0.0125609
0.0830445
0.00248048
0.00868074
0.124557
-0.0863157
-0.0470312
-0.0466536
-0.0584437
-0.00700419
-0.00783729
0.0215746
0.0344828
0.0177764
-0.0224055
-0.065391
-0.0036112
-0.0906591
-0.058724
0.00786457
-0.0131334
0.0243083
0.103903
0.0131357
-0.0169074
0.0222623
-0.106093
0.0452987
0.0603077
0.0734262
0.0251608
-0.0870316
0.0828102
0.0503707
-0.0269454
-3.22937e-05
0.0212232
0.0175572
-0.064892
0.126918
-0.000562002
0.0231508
-0.0696409
0.094089
0.0171516
0.0326807
-0.0854377
0.0410572
0.101584
0.0239397
0.0666567
0.0542747
0.172437
0.0709794
-0.00926257
-0.00056265
-0.0129082
-0.0357602
0.00644015
0.0490174
-0.0393002
-0.0082797
0.00499321
-0.0875305
0.00379588
-0.0376646
0.0711689
0.098141
-0.00411551
0.0716803
0.0446318
0.0406057
0.0607857
0.0890251
-0.0372544
0.0911145
0.037519
0.06172
-0.091385
0.00216246
0.0777792
-0.0398256
-0.0251594
-0.0178812
-0.0193177
0.0534694
-0.0269363
-0.0350646
0.0441343
0.0172213
0.0361795
0.00886365
0.0165847
0.027449
0.0384522
-0.0827592
-0.0190054
-0.00212424
0.0113239
-0.0545528
-0.0805062
0.0515597
-0.0207724
0.224114
-0.0015758
-0.039498
-0.107419
-0.0401155
-0.0102707
0.158976
-0.0648336
-0.0389178
0.189475
-0.0958529
0.0733781
-0.0323893
0.0992409
0.11103
-0.0267662
0.0760916
-0.0120972
-0.0304226
0.0117442
0.0858353
-0.00263209
-0.0755605
0.00468957
-0.111296
0.103803
0.0624588
0.0292069
0.0107653
-0.0706054
0.0932449
-0.0184205
0.160164
0.175727
-0.0181874
-0.208101
-0.0325581
0.0255699
0.104092
-0.0516115
0.0897549
-0.00302708
-0.0575707
0.0604321
0.0165274
0.019209
0.0273213
0.0677216
-0.0698919
0.0334809
0.000181023
0.00654625
0.0698824
0.0169772
-0.0392717
-0.0642864
-0.0662845
0.0630181
0.0950107
0.080373
0.0982
-0.0988179
0.0361536
0.0709392
0.0840577
0.114833
0.0105236
-0.168251
0.0500888
0.0466215
0.0782164
-0.0308704
-0.0545877
0.148206
-0.0155648
0.0848122
-0.038329
0.0932276
-0.0114296
0.0312908
-0.0381224
0.0457096
0.0148096
0.0174356
-0.00737816
-0.00972994
-0.026566
0.00785905
-0.149127
0.0269066
0.105053
0.102116
-0.0381749
-0.0827652
-0.0761539
-0.0238934
0.128324
-0.0309389
-0.0834072
-0.0307181
0.072462
0.036648
0.118742
-0.0145547
0.033478
0.0478679
-0.140489
0.125858
-0.0686161
0.115507
0.0668675
0.0369911
0.00091182
0.0657559
0.0349328
-0.0531073
0.0614291
-0.106495
0.0623059
-0.0719544
-0.0653249
0.0369138
0.0247665
-0.0123051
0.125822
-0.0521568
0.0101635
-0.160316
-0.0701834
0.0232142
-0.105435
-0.000903953
0.0188783
0.0924985
0.0452359
0.0380745
-0.0223648
-0.0206465
0.000208666
0.0576647
-0.110161
-0.0335833
0.0461317
0.101018
-0.119825
0.0648686
0.0964457
-0.0128684
0.013099
-0.00674764
0.0259516
0.0380032
0.0334956
-0.0161235
0.153335
0.0131347
0.016163
-0.0628986
0.0263922
-0.222423
-0.037569
0.0101795
0.0151939
0.0762413
-0.0988227
0.17017
0.042162
0.0275046
0.00976886
0.00800463
0.0584741
-0.038694
-0.017289
-0.0957319
0.0352716
-0.0571247
-0.04583
0.0756139
0.221373
0.0626521
0.0729818
0.00905142
0.0361776
-0.043778
0.136287
-0.00809342
0.0941011
0.133791
-0.0653074
0.0427769
-0.0953086
0.0016134
0.080545
-0.0395926
0.082444
0.131232
-0.169658
0.105076
0.0482503
0.0204372
-0.00670751
-0.104165
0.099021
0.0515732
0.103199
-0.0604748
0.0569239
-0.0885503
-0.00307611
-0.104019
0.219487
-0.0766357
0.0310757
-0.134981
0.0179255
-0.0798633
0.118258
0.00329538
0.178409
-0.0493196
-0.0747109
0.0865368
-0.0430383
0.102373
-0.047898
-0.0725612
0.0382777
0.108726
-0.102132
0.0985762
0.0471125
-8.36192e-06
0.0985202
-0.0652443
0.0247177
-0.0343342
0.0474695
-0.113749
0.0211541
-0.00590318
-0.0754734
-0.144243
0.0978097
-0.0572237
0.0187481
0.048538
-0.0196168
-0.0363799
0.0861821
0.0979198
0.0809008
-0.026707
0.0132949
0.100577
-0.0882343
0.0407023
-0.0916028
-0.0523307
-0.0559357
0.0411462
-0.023986
0.026529
0.023416
-0.0180428
0.00268429
-0.0614938
-0.0430388
-0.0130734
0.0785839
-0.163527
-0.007811
-0.0139752
-0.028458
-0.113309
0.0896713
-0.0385845
0.057436
0.100873
0.036885
-0.0130382
-0.006189
0.0969518
0.0961143
-0.00809355
-0.0568464
0.06704
-0.0558143
0.0584383
-0.100689
-0.124584
0.016437
0.106343
-0.0523187
0.0582368
0.0328004
-0.00266886
-0.0322828
0.0602812
-0.0687468
0.0225932
0.0295877
-0.0257494
0.147736
0.0285602
-0.0943716
-0.0809707
0.097504
0.0307521
-0.00985642
0.0630542
-0.0539204
0.0118531
-0.0127505
0.0869315
0.0796138
0.0367784
-0.023214
0.0753189
0.0117772
-0.00281932
-0.0433662
-0.0138999
-0.0576311
0.0998056
0.0361462
0.0182829
0.0606028
0.00725539
-0.0330743
0.0149468
-0.147563
-0.0168302
0.0320394
-0.089069
0.0699854
0.103787
-0.0143485
-0.111785
0.0448803
0.105474
-0.0713753
0.152881
0.0343153
-0.0111961
-0.0283424
0.139797
0.058215
0.00137688
0.0163293
0.034293
-0.00379977
0.0049471
0.0692914
-0.11402
0.00104325
0.0468439
0.0162152
-0.0946719
0.105324
-0.0134426
-0.0562556
-0.0315879
-0.0324117
-0.00760625
-0.0395487
0.0650082
0.0662288
0.121792
0.0591949
-0.135414
0.121338
0.0496679
-0.07547
0.103488
0.000902771
0.0652156
0.03228
0.0648918
0.112386
0.0164626
0.0442168
-0.0595392
-0.0616666
-0.123296
-0.0113231
0.00936242
0.0235197
-0.0814662
0.144764
-0.0190585
0.0461259
-0.063561
-0.00265082
0.0248339
-0.0985463
0.0200198
-0.0680019
-0.103045
0.0587804
-0.00981954
-0.0645344
-0.0535435
0.0110574
0.0391799
0.0303197
0.0904707
0.0436345
0.0234852
-0.0234379
0.079714
0.0762079
0.00499398
0.0292771
0.0888538
-0.054965
-0.100729
0.00672923
0.0110615
-0.0047048
-0.14485
-0.0197141
0.0159778
-0.0335078
-0.136825
-0.0223561
0.0751538
-0.0238703
-0.042114
0.0345697
-0.0925964
0.0244676
0.0711959
-0.147791
-0.0524476
0.0411463
-0.0425229
0.0736814
0.0676603
0.138273
0.0393872
-0.0250971
0.066385
0.0413709
0.0114291
-0.0288545
0.0505349
-0.124992
-0.177893
0.00455845
-0.105675
0.0220408
-0.142442
0.0475137
0.0423548
-0.050326
-0.087335
-0.0123937
0.0996949
-0.125229
0.0744544
-0.0113358
0.0292588
-0.042345
0.058268
-0.0182082
0.057858
0.120231
-0.00375081
0.0486684
0.0197917
0.043153
0.0634994
-0.0489502
0.00691431
-0.00548148
0.129792
0.0893009
-0.0966896
0.04473
-0.16139
0.103308
-0.0522612
0.0359116
-0.182895
-0.0168024
0.0658626
-0.00472722
-0.140932
-0.0134591
0.0782443
-0.111687
0.112511
-0.17096
0.0817516
-0.051232
0.0120334
-0.0620214
0.0346708
0.0483253
-0.100545
0.0516348
-0.103793
-0.0425261
-0.0490637
0.0505957
-0.0856378
0.0154042
0.0783883
0.0581147
-0.132279
0.144753
-0.149205
0.0988816
-0.164128
0.174135
-0.0953952
-0.0479585
0.139464
-0.0684938
-0.140948
-0.0462383
0.0297122
-0.0849719
0.120216
-0.0850146
0.0804513
-0.0471172
0.0658547
0.00435653
0.0814332
0.138285
-0.182691
0.180215
-0.0670738
-0.0499868
-0.229287
0.0933593
-0.117221
-0.0917198
0.0838069
-0.0271458
-0.0847137
0.0388021
-0.088292
-0.0191739
-0.0386908
0.0472941
9.58479e-05
0.0212145
0.0198864
0.000517686
-0.0550526
-0.0759327
0.0240967
-0.137315
0.0415819
0.103999
0.0385058
-0.0854239
0.0779046
0.0280504
0.0733741
0.00224381
-0.123734
0.116061
0.0258161
-0.00929375
-0.155318
0.0447588
-0.0240584
-0.102135
0.0977306
-0.0721726
0.0748202
0.0243232
0.0562985
0.0015902
-0.032461
-0.0267742
0.0652331
-0.0808983
-0.008297
-0.039384
0.000192538
-0.0577419
0.0334132
-0.006078
0.057287
0.0633272
0.0116001
0.00976191
0.0210511
0.00961738
-0.0557612
0.00201381
0.0271625
0.108538
0.0662973
-0.0850985
-0.0334328
-0.0138508
0.0329221
-0.0757015
0.0156788
-0.0043466
0.0152311
0.0317124
0.087523
-0.0676783
-0.067311
-0.0184068
-0.00987568
-0.0286863
-0.00800135
0.0715849
0.0771832
0.0155455
-0.0174498
0.0179633
0.0171668
-0.0397345
-0.101325
0.0281934
0.00636926
0.0297044
-0.0192555
-0.00394348
0.111229
-0.088714
0.0231971
-0.0196128
-0.00921742
-0.0293328
-0.0516452
-0.106073
0.0323105
-0.0463288
-0.0336475
-0.0323703
0.025979
-0.0687777
0.0250962
-0.0201476
0.0109106
-0.054546
-0.030645
-0.0374175
0.0883042
-0.070201
0.0825084
0.0118803
-0.0144232
0.00480565
-0.0560601
-0.00388483
0.0161722
0.019375
-0.0432118
-0.0483921
-0.0782517
-0.0287162
-0.00214431
-0.03702
-0.00263782
0.00557265
-0.00703138
0.014686
0.0564884
0.00607528
-0.099025
0.0304956
0.0554899
-0.0643292
0.0401327
0.125566
0.0333208
0.00549688
0.0746797
0.0634423
-0.00627693
-0.0608361
-0.033704
-0.0463625
0.00523088
0.0654871
-0.0573544
-0.0141936
0.0026426
-0.0181761
0.0235202
0.0718033
-0.04
0.0553973
-0.00199572
0.00722452
-0.0673784
-0.0863418
-0.00600363
0.141126
0.0298318
0.0262287
-0.0399958
-0.029912
-0.0435286
-0.147521
-0.0926375
-0.0398836
0.0264673
-0.0787484
0.0586146
0.0179946
0.0523064
0.0332309
-0.062181
0.0634862
-0.0541346
0.00668429
-0.0589351
-0.0146176
0.0993908
-0.0180886
-0.128835
0.103368
-0.0419672
0.0133379
0.0367349
-0.0496583
-0.0641747
-0.0958419
0.0577736
0.145256
0.0107106
-0.0739418
0.0875446
-0.0902347
-0.0563646
-0.0298734
0.0602927
-0.00587984
-0.0221313
0.00755175
0.0816224
0.027542
-0.062691
0.0181772
-0.0118824
-0.0209798
-0.0638078
0.02035
-0.111388
0.0776116
-0.0361107
-0.0414444
-0.0472812
0.114812
-0.0585745
0.0475758
-0.0609308
0.0105767
-0.0487402
-0.0208106
0.0609818
0.0718066
-0.114754
-0.102663
-0.0508593
-0.0322161
0.0301544
0.0890316
0.0693535
-0.0434236
-0.0693089
-0.023258
0.0951714
0.0842413
-0.0115938
-0.0564982
-0.0931076
0.00459945
-0.0685871
-0.104271
0.00447418
0.0664603
0.0352333
-0.0405504
-0.06503
0.148148
-0.0235917
0.128639
-0.0456798
0.0412794
-0.0146192
-0.122293
0.126791
0.045126
-0.0494327
-0.0107086
-0.0945135
0.0459213
-0.114053
0.0625802
0.099261
-0.00734594
-0.18739
0.0703832
0.0451241
0.0806844
-0.114716
-0.00443262
-0.0198338
-0.0274833
-0.00875762
-0.0828259
0.133715
0.0459201
0.112497
-0.0226087
-0.0338641
-0.0257114
-0.0186363
0.103235
0.00815588
0.0228272
0.0308548
-0.0281112
0.0350573
0.0301641
0.0268021
0.0384102
-0.122043
0.0239724
-0.0518145
0.0739714
0.126794
-0.0637475
-0.134718
0.00731201
0.0176187
0.146754
-0.0223901
0.0245413
0.0384225
-0.00979375
0.0598502
-0.0500597
0.0271085
0.0989141
0.034643
-0.137933
-0.00447262
0.0197681
-0.0174445
0.0722742
-0.0109865
0.0260046
-0.00194258
-0.0804526
-0.0307135
-0.00939232
0.0472648
0.0325737
-0.133067
0.0629265
0.0662353
0.0661478
0.115181
-0.0511271
-0.108528
0.00340272
-0.0148137
0.144179
-0.0489288
-0.0643311
0.090739
-0.132351
0.0683252
-0.050943
0.0898589
0.0739351
-0.0160682
-0.0857059
0.0614071
-0.0134906
-0.0361519
0.0049956
-0.0817397
-0.0612697
-0.00415677
-0.0101186
0.0809164
0.0468597
0.0649448
0.0964338
-0.163392
-0.00284794
0.0509083
0.0505263
0.131723
-0.0330708
-0.167958
0.0400138
-0.111531
0.0602979
-0.00305767
-0.000150148
0.0676983
-0.0829486
0.0542921
-0.0840534
0.0593729
0.0945219
0.00908155
0.0480265
-0.0505783
0.00515422
-0.00547239
0.042435
-0.0645499
0.0152046
0.0162589
-0.14077
-0.00394946
0.044538
0.129895
0.0513872
-0.0633618
0.068722
0.031126
-0.0368411
0.172286
-0.0192163
-0.122207
-0.0285457
0.0190824
0.174538
-0.158721
-0.00120737
0.0202068
-0.136755
0.0822943
-0.0340706
0.0848823
0.0314603
0.032693
-0.0641138
0.0570813
-0.0366994
0.0177654
0.0158572
0.0352668
-0.0733389
-0.0119631
-0.0788573
0.0417765
0.17638
0.0863463
0.0764195
-0.103775
0.0901338
0.0198503
0.0212784
0.124556
-0.0528682
-0.0987715
-0.0080207
0.0235763
0.0626532
-0.139991
-0.0518215
0.0250678
-0.0603613
0.129577
-0.105128
0.0846602
-0.013428
0.0997781
-0.0780629
-0.0597911
0.0720183
-0.0743668
0.0524197
0.0756888
-0.0719543
-0.0605878
-0.054536
0.0369815
0.0615462
0.01446
0.0851976
-0.0537091
0.0914405
-0.0199029
0.0710028
0.0571101
-0.0262584
-0.100391
-0.0191441
-0.0164953
0.127859
-0.195367
-0.0714798
0.0992021
-0.128969
0.08145
-0.177882
0.12387
0.0192523
0.0555411
-0.0732054
0.0423068
-0.0706577
0.016483
0.143689
-0.010101
-0.0418952
-0.067901
-0.00755422
-0.0494245
0.039447
0.0482355
0.110157
-0.0105686
-0.14066
-0.0185372
0.00509671
-0.000966335
-0.00282952
-0.0192648
-0.126483
0.0795523
0.0503259
-0.065171
-0.00292332
-0.0358803
-0.0291605
0.0901726
-0.119266
0.128161
-0.0140677
-0.0122804
-0.0457517
-0.00478222
0.106661
0.121244
0.157156
-0.100059
0.00174935
-0.00823606
0.0735257
-0.0815182
-0.087489
0.215693
0.0948017
-0.086891
-0.0736933
-0.120138
0.00645865
0.151713
-0.0294807
0.145903
-0.104445
0.245568
0.0793865
0.0384598
-0.0569958
-0.0462101
0.0467069
0.0265697
-0.178435
-0.0265081
-0.0654236
-0.00985557
-0.146242
-0.0950619
0.141544
-0.0129405
0.120884
-0.0465469
0.0950373
-0.0732657
0.1271
-0.0858223
0.0756244
0.10042
-0.130918
0.0175852
0.0304829
0.0670148
0.10129
0.0369439
0.0496448
0.174213
-0.125949
0.128075
0.0979484
0.030699
0.0239895
-0.107036
0.0375381
-0.0695448
-0.0607482
-0.0147146
0.0483042
-0.100271
-0.0181915
-0.146826
0.0847578
-0.0291776
-0.000711894
-0.0942665
-0.017999
-0.148218
0.040409
0.041121
0.0379881
0.162517
-0.0643338
0.0447722
-0.07468
0.176084
0.0167514
0.0158535
0.028096
0.161012
-0.19617
0.106577
0.0902138
-0.0869387
0.0316332
-0.0959959
0.0721004
0.0187839
-0.00938669
-0.018018
0.0772047
-0.0295728
0.0220894
-0.142155
0.047914
-0.0773317
-0.0576884
0.0167874
-0.0512777
-0.125603
0.093058
0.0365394
0.0654714
-0.0528878
-0.0350418
0.0884659
-0.00963518
0.214461
0.00355351
0.11349
-0.0105803
0.0612936
-0.00240275
0.141989
0.102644
-0.0534337
0.0307319
-0.00578862
-0.0492087
0.00633105
0.0387097
-0.0132169
0.0845323
0.0682516
-0.0257957
-0.144725
0.0341431
0.0244092
0.0107536
0.106517
-0.158598
-0.0772529
-0.0133748
0.120955
0.140218
-0.0180746
-0.00879004
0.198489
-0.0975449
0.0855562
-0.0440421
-0.0540727
-0.018024
0.0685111
-0.0314236
-0.0535004
-0.0305018
-0.0724299
-0.0164235
0.0518665
-0.0329468
-0.0410349
0.068211
-0.0652109
0.0791896
0.0498876
0.0534615
-0.0900906
0.150661
0.0527412
-0.0913075
0.0711634
-0.072847
-0.00045325
-0.0987929
0.125227
0.0485231
-0.0235586
-0.0730662
0.0288907
-0.0999504
0.0628808
-0.127382
0.0372324
0.0817816
-0.0120815
-0.0166175
0.0737666
0.0930291
0.0789123
-0.0882071
0.0307081
-0.0304126
-0.175778
-0.0460856
-0.160941
0.0151431
0.0287956
-0.0458961
-0.0969449
0.0194189
0.118939
-0.00732147
0.0908047
0.016574
0.0682612
0.00466489
0.116659
0.0650457
-0.149478
-0.020815
0.137516
0.106158
-0.0550265
-0.000134999
0.045989
-0.0158178
-0.0430506
0.00684756
-0.082927
0.0350494
0.0637052
-0.0452511
0.0527463
0.00644533
-0.102964
-0.0346008
-0.0478435
0.0742387
-0.00819181
0.0264215
-0.142994
0.111469
0.0486618
-0.0814114
0.135146
0.0604977
0.124976
-0.0321917
0.149308
0.0377019
0.014769
-0.0620286
0.084739
0.0486371
0.0336197
-0.0649642
-0.0200711
-0.085312
-0.0862166
0.075327
0.00824199
0.0804578
-0.0284423
0.0221709
0.0686434
0.0371923
-0.00662649
0.0182582
-0.00151456
0.0253586
-0.00417916
0.0398916
-0.146404
0.0435112
0.140671
-0.0726638
0.0270286
0.134395
0.0102698
-0.131073
0.129706
0.0300957
0.0668637
-0.0158144
-0.00328894
0.126858
-0.151373
0.0187471
0.0863394
-0.0561027
-0.109005
0.137318
-0.0500578
0.192334
-0.00234469
-0.0197519
0.073992
0.10406
-0.113859
0.0228475
-0.0865952
0.132195
0.131686
0.0105671
-0.0492522
0.0580814
0.0850387
-0.0771297
0.0837137
0.126097
0.0848316
-0.0839482
0.0959269
-0.00290604
-0.0424533
0.151861
0.00132486
-0.127056
-0.170689
-0.124071
0.0304154
-0.0837212
-0.0873937
0.164931
-0.0992085
0.0755813
0.0416151
-0.0325524
0.137463
0.0168648
-0.0301461
-0.0690062
0.127886
0.024454
0.0122168
-0.065551
-0.0336158
0.0634514
0.0768584
0.0441614
0.00453668
0.186506
0.110864
-0.0111675
-0.0452071
-0.0760436
0.0955699
0.116313
-0.122841
0.0134347
-0.148977
-0.052984
0.0784618
-0.00223322
-0.070574
0.0164362
-0.022718
-0.0684551
-0.0468517
0.02312
0.133304
0.106713
0.0165271
-0.0393539
0.0279663
0.057187
0.0795582
-0.0580217
-0.012945
0.159719
0.0103306
0.0921347
-0.0545928
0.0231591
0.0439407
-0.023497
-0.0149615
-0.0722472
0.159048
0.0767642
-0.00249777
0.00645847
-0.161548
0.09201
-0.104517
0.0725376
-0.0499581
-0.0990795
0.0512738
0.0192621
-0.0529313
0.0569849
0.012484
-0.0669936
0.0931547
0.0491807
0.0412728
-0.159775
0.103257
-0.00799054
-0.0264731
0.0930968
-0.0323836
0.0501402
-0.0801191
-0.162029
-0.102738
0.123121
-0.0430871
-0.0771981
0.0566224
-0.00370587
-0.0173165
0.0324544
-0.0973655
0.0472969
0.0254322
0.0538711
-0.0390188
8.71363e-06
-0.0354345
-0.0459649
-0.11595
-0.0728787
-0.0103529
-0.0501163
-0.0277787
0.00929465
-0.0668309
0.0115138
0.121127
-0.0123474
-0.0253314
0.00412466
-0.0332892
0.0027404
0.00474632
-0.0811661
-0.0706965
0.0205804
0.0342936
-0.0430446
0.0672773
-0.0519574
-0.0827451
-0.0636967
-0.00905052
-0.0307259
0.0742992
-0.0257199
-0.00785357
-0.0568691
-0.0715642
-0.00422148
0.0468142
-0.00876546
-0.0159062
0.030285
0.088323
0.0624481
0.0041542
0.0430892
-0.000604973
0.0554153
0.0206799
0.023722
-0.015143
-0.00298798
0.0159231
0.0479069
-0.00825663
0.0427961
-0.0584198
-0.0754651
0.0032792
-0.060657
-0.00153407
0.0209862
-0.0143671
-0.0367109
0.0647298
-0.022625
-0.0258155
-0.00772439
-0.0489385
0.0268881
-0.0228503
0.0506186
-0.0298062
-0.0140054
-0.0431871
-0.0419483
0.00815812
-0.0536225
-0.0556646
-0.0318814
-0.0166541
0.00702125
0.0106416
-0.0711629
-0.0381221
-0.066514
0.036957
0.0651895
-0.0349018
0.0186921
-0.0577247
0.0879868
0.00775902
0.0110631
-0.00148804
-0.0554788
0.0391605
0.0089851
0.00123941
-0.0307004
-0.0737807
0.0530793
0.030745
-0.0985249
0.0423422
0.0678826
-0.0103534
-0.0730963
-0.0159073
0.0484071
-0.0868676
-0.0355676
0.00720491
0.0473786
-0.0292651
0.00821622
-0.0702838
0.0170158
-0.00658269
-0.0542312
0.0406014
-0.00685088
-0.0250514
-0.0006965
0.0334358
-0.0184328
-0.0197491
-0.0523844
-0.0559247
-0.0713948
-0.0529577
0.00209411
0.0141565
0.0494807
-0.0453023
0.0282596
0.0547395
-0.0182151
-0.0655033
-0.00903381
-0.0968279
0.0196704
0.005447
-0.0656419
0.0759177
0.0177629
0.0081013
0.0200967
0.0607182
0.0513662
-0.0146993
-0.0121041
0.0775878
0.0503001
0.0369159
0.0400834
0.0252837
-0.0754179
-0.0602283
-0.0910946
-0.0230274
-0.00124899
0.0439447
0.011366
0.0913861
0.0070889
-0.0912564
-0.0279045
-0.0123611
-0.02043
-0.031352
0.0433681
-0.0454126
0.129697
0.0144452
-0.0413454
0.0234687
0.0251994
-0.0794671
0.0627624
-0.0215356
-0.0275164
0.0257758
-0.101597
0.0813829
0.118911
-0.0266796
-0.0339749
-0.0427215
-0.0107044
-0.0673869
-0.0108742
-0.0572397
-0.0162619
0.0335991
-0.0662298
0.0700957
0.0986174
0.00998383
-0.169951
-0.00614727
-0.0236889
-0.020884
-0.04349
0.00585805
0.0647254
-0.019524
-0.0343099
-0.0764639
0.0434622
-0.0651744
0.0513865
-0.0673775
-0.0633957
-0.126859
-0.0994749
0.0300092
-0.0162764
-0.0249041
-0.0716283
-0.0691765
-0.0176452
-0.0112964
0.0522586
0.0336672
-0.121637
-0.0686876
0.105281
0.0139786
0.0559959
-0.0575934
0.0672914
-0.0200347
-0.0355384
0.0342953
-0.128605
0.0171064
0.117622
0.0553572
0.0384404
0.00441766
-0.00418055
0.0271528
0.0268238
-0.0889645
0.0825664
-0.112016
-0.0568684
0.0715622
0.0542825
0.0600226
-0.047038
-0.0538656
0.0347858
0.039368
0.000114409
0.0558099
-0.172267
-0.0775297
-0.00246981
0.0534302
0.0967078
-0.16116
-0.0564861
-0.121875
-0.110215
0.181491
-0.152394
0.0588006
0.121987
-0.0358693
-0.0430336
0.00313138
0.00447838
0.0468523
-0.0379597
-0.0272416
0.0246409
-0.020184
-0.0917433
-0.0706426
0.0494112
-0.000182231
-0.0716348
-0.0114434
0.0385807
0.0807342
0.024797
0.166331
-0.111499
-0.201681
-0.0265866
0.0088317
0.148978
-0.190374
-0.0300675
-0.0255069
-0.0831625
0.0974539
-0.131133
0.106085
-0.0475875
-0.00225456
-0.0947049
-0.0135864
0.0343431
0.0783373
0.0388752
-0.0269592
0.129601
0.00484427
-0.0831768
0.0898042
0.0365279
0.0367009
-0.0332293
-0.119579
0.0295071
-0.0095163
0.045829
0.0468183
-0.175443
-0.0421226
-0.0236297
0.019957
0.14425
-0.0287771
0.0238815
0.00924928
-0.0858482
0.0750001
-0.0958345
0.146246
0.0268479
-0.033476
-0.0224414
-0.0942324
-0.0274239
0.0351307
0.0114889
-0.0355357
0.0125374
0.0108862
-0.0298572
0.00259024
0.071875
-0.00694993
0.0471089
-0.0778757
-0.0370052
0.119947
0.0733395
0.0912363
-0.0472239
-0.0119507
-0.0353964
-0.0139253
0.174972
-0.123532
-0.0142572
-0.063142
-0.0154093
0.139522
-0.167899
0.0288344
0.0797143
0.0748111
-0.122195
-0.0241893
0.00624537
-0.0798795
-0.0543492
-0.0158088
-0.101095
-0.00174567
-0.089055
-0.0821515
0.00402449
-0.0681075
0.0735031
-0.0540503
0.084227
0.162648
0.0462419
0.0588306
-0.0733998
-0.0907752
-0.0503488
0.0255572
-0.047726
-0.145688
-0.0450859
-0.0621883
-0.0493444
0.129398
-0.161356
0.16206
0.0457335
0.0967999
-0.0865757
0.0449563
-0.134957
-0.0481833
0.0456537
0.0143404
-0.000241835
0.0130489
0.0582461
-0.0498397
-0.000246447
0.0303808
0.150037
-0.0105522
-0.0391494
0.0793111
-0.0384494
0.0612083
-0.119834
0.0151773
-0.0489707
-0.100476
0.116112
-0.0999202
0.0012496
0.112069
-0.259696
0.236766
-0.177568
0.138218
-0.0228916
-0.0259971
-0.0268481
0.0392211
0.0208854
-0.0291317
0.109068
-0.0197884
-0.131219
0.0083037
0.0672843
-0.0883556
-0.0549022
0.122523
0.159641
0.0277012
-0.0193726
0.0736409
0.008319
0.0722255
-0.0766155
-0.141473
-0.0828601
-0.00399471
0.00428665
-0.0607192
0.0847764
0.0583534
-0.125281
0.108082
-0.281643
0.154315
0.0343615
0.0653604
-0.0468074
0.0322517
-0.0948841
-0.00277153
0.185275
-0.0350716
-0.0678331
-0.0568036
0.0284066
-0.183569
-0.119325
0.0268326
0.145852
-0.0188636
-0.0415192
-0.00511302
0.0994951
0.096104
-0.0056473
0.0494501
-0.095485
0.092435
-0.0599741
-0.090006
-0.0787526
0.0108572
-0.00704644
0.038103
-0.213404
0.0737335
0.077741
-0.0225872
-0.113731
-0.0424029
-0.0444003
-0.0669844
0.0559674
-0.227754
-0.028474
0.0363314
0.215192
-0.123842
-0.0171948
0.131187
0.142055
0.101909
-0.0532153
-0.00103884
0.104461
0.0764168
0.0789451
0.0992084
-0.151856
0.133552
0.0423631
0.0387894
-0.00664468
-0.0244124
0.0665347
-0.0946244
-0.0788885
0.119114
0.0236997
-0.036234
-0.0212085
-0.20938
0.0456927
-0.0539958
-0.015953
-0.268638
0.0827858
-0.0551825
0.187256
-0.110947
-0.118864
0.158232
-0.0332946
0.0598408
-0.0998241
0.100101
0.129262
0.0908291
-0.00608095
0.268517
-0.101422
0.120941
0.00127462
-0.00987209
0.0329297
-0.0689404
0.0915926
0.00859012
-0.00849381
0.0751536
0.0982455
-0.0176725
0.00123667
-0.16148
-0.0764571
-0.0546534
-0.0110727
-0.087842
0.0236106
0.0034353
0.097776
-0.052676
-0.0662426
0.0296536
-0.123511
0.0045501
-0.102163
0.172001
0.0581944
0.0813744
-0.021688
0.116302
-0.128527
0.186591
0.0876448
-0.0772139
-0.0285286
-0.1545
0.00533117
-0.0603795
0.0467466
0.0874007
0.0300104
-0.0305957
-0.0291708
-0.186
-0.036217
-0.00695507
0.0542704
-0.0308872
-0.0445921
-0.122135
0.0472031
0.0736383
0.0148467
-0.0646875
-0.106168
0.0538165
-0.0675866
0.160365
0.0203741
0.0278633
-0.11455
0.023259
-0.0534144
0.159278
0.1442
0.0207035
-0.0636589
-0.0957901
-0.144237
0.0385234
-0.0175893
-0.0231077
0.063472
-0.051165
0.0657288
-0.0708261
0.0469041
0.0272969
0.0633539
-0.0347708
-0.0541336
0.0260372
-0.0450278
0.121033
0.0506414
0.0242923
-0.0466379
0.0956452
-0.0188594
0.166309
-0.0105893
0.0556826
-0.0304681
0.0067848
0.0108637
0.0813811
0.041445
-0.0113009
0.0145669
-0.138958
0.000144888
0.0123052
0.0673921
0.0387494
0.0569516
0.0535709
0.0362579
-0.0785765
-0.0361303
0.0722483
-0.119065
0.04275
-0.038476
0.0558574
-0.091627
0.0896628
0.0529202
0.0400004
-0.000459448
0.0988852
0.0267692
0.103061
0.121541
0.0442432
-0.016922
-0.0590373
0.142183
0.034663
0.121803
0.0822908
-0.110089
0.0768915
0.0143707
-0.0448837
0.0134314
-0.00896539
0.12564
0.109642
-0.0270751
-0.119421
0.00772489
0.0915733
-0.0801142
0.088202
0.0276377
0.0277907
-0.0792911
0.232793
0.0900115
-0.0012372
-0.0756649
0.0569949
-0.0260599
0.0614153
-0.0184843
0.0212746
-0.067525
-0.0611363
0.0632347
0.0341784
0.0076017
0.028199
-0.013723
0.0576321
-0.00775286
-0.0838003
-0.0609106
0.00723197
0.0806785
0.0411369
0.0153651
-0.094493
0.0386123
0.150695
-0.0170298
0.0933438
0.14585
0.132606
-0.0286524
0.169263
0.015536
-0.0670744
-0.00876688
0.0122994
0.0430539
0.120914
-0.0217638
0.0911991
-0.0597734
-0.11908
0.145778
0.0545466
0.0703677
0.103559
-0.148602
0.0194557
0.00170647
-0.141056
-0.0345912
0.0332396
0.0383141
0.0768363
-0.106504
-0.0086028
0.00747681
0.113428
-0.0978158
0.0520937
0.221854
0.102764
-0.0452119
0.196179
0.041784
-0.0169648
0.0764863
-0.0428758
-0.0214469
0.0592967
-0.0672616
0.0802868
-0.0937753
-0.0897387
0.0143872
0.0739463
0.0246068
0.0930155
0.0552412
-0.0658305
0.0777242
-0.0437143
-0.0532812
-0.0237419
0.0735608
0.111189
-0.077461
-0.0784557
0.0591283
0.228086
-0.0424759
0.0204198
0.0979964
0.0536416
-0.219842
0.116188
0.0157948
-0.0415068
0.108584
-0.0866378
0.030405
-0.0568624
-0.100169
0.140815
-0.159944
-0.134068
0.166166
-0.170677
0.0659512
0.10096
-0.0397309
0.0316543
-0.00662695
-0.0795043
-0.142721
0.00298372
0.102057
0.0337767
-0.0585703
-0.0315676
0.0752658
0.17506
-0.0179172
-0.018438
0.246836
0.0855878
-0.133861
-0.0305372
0.0740465
-0.0500309
0.0799376
0.0021676
0.0628958
-0.047223
-0.0420373
0.0393252
-0.0792713
-0.0400304
0.140143
-0.124731
-0.048339
0.0740301
0.0617732
0.0398104
0.0937475
-0.0630731
0.0689978
-0.0490433
0.0233986
0.110337
-0.0638845
0.0185184
0.168085
0.182674
-0.0411471
-0.0446309
-0.0397054
0.14195
-0.116272
-0.062482
-0.0185479
0.0238302
0.0259738
-0.106646
-0.000663408
-0.120202
0.0662793
0.00149504
0.0453732
0.0979743
0.0226249
0.0332564
-0.0688498
0.0363525
0.111477
0.0475358
-0.0337678
-0.0577082
0.0101858
-0.0518167
0.0370937
0.036642
0.0739864
-0.0857011
-0.0195821
-0.0530939
-0.00179041
0.0754052
-0.0886409
-0.0356374
-0.0189932
0.0898674
-0.0312212
-0.0768333
0.0432447
-0.0622717
-0.0248876
-0.0544179
0.0362492
-0.050593
0.046985
-0.059425
0.0657826
-0.0545291
0.00104477
-0.0757701
0.0714996
-0.0286664
0.0832884
-0.0653851
0.0023521
-0.0376519
-0.0564823
0.0780325
-0.0769446
0.0441316
-0.0449614
-0.0283135
-0.0144224
0.0154278
-0.0421087
-0.182086
0.0289311
0.0744258
-0.0283931
0.00196788
-0.0252877
0.0226105
-0.00549394
-0.0695101
-0.0422742
0.09988
0.0644596
0.0695924
-0.0378521
0.0556556
-0.0169573
0.0430151
0.0462469
-0.000886155
0.007456
-0.0138087
0.0297985
0.00468728
-0.0607472
-0.0542433
-0.0255771
-0.030338
-0.0184124
-0.035665
-0.0103663
0.045391
-0.0614215
-0.00234916
-0.00381487
-0.0332089
0.0589181
-0.0336536
0.13274
-0.0449781
0.0603671
0.0444599
-0.0382477
-0.0364754
-0.0482636
0.0214125
-0.0351296
0.013194
0.0709036
0.0504246
-0.0256088
0.0538414
-0.0234514
0.013335
0.00117004
0.00496992
0.0416226
-0.0151275
-0.0702491
-0.0528908
0.00866109
-0.0294036
0.0517081
0.0583737
0.000418236
0.0199066
-0.0154524
0.0126566
-0.0477822
-0.0505879
0.0242792
-0.0292282
0.017895
-0.0335857
-0.0617026
0.00591185
-0.0924064
0.0216238
0.0532036
0.00749178
-0.0637663
0.00854664
-0.00662564
0.0626124
-0.0417775
-0.0365579
-0.0384515
0.04578
0.055173
0.0106619
-0.00893472
0.017111
0.0625508
-0.00657451
0.0965817
0.0274821
-0.000455783
0.00216041
-0.0233425
0.062311
-0.00941603
-0.14935
0.0179428
-0.0686628
-0.0122838
0.0212036
-0.0326402
0.0327558
0.0165392
-0.0395616
-0.0511329
-0.00461923
-0.02859
-0.0894721
-0.0210942
0.00731343
-0.00376227
0.00665136
-0.0679135
-0.145225
0.0113263
0.00139542
0.0285986
0.0231381
0.0937969
-0.0377818
0.0600724
-0.0239724
-0.0221073
0.00795986
-0.0978733
0.0940669
0.150738
-0.0219254
-0.043867
-0.0106885
-0.00630756
-0.0982578
0.0492989
-0.0453279
0.0229128
-0.0153913
-0.0109924
-0.0342631
0.121879
-0.0463557
-0.0656885
0.00519395
-0.0816806
0.0906703
-0.0546666
-0.050476
0.0696305
-0.0297953
-0.0305657
0.0499717
0.02738
0.00363565
0.0629786
0.0271833
-0.0847408
-0.0684449
-0.0275964
0.00195783
0.0277022
-0.0144104
-0.13182
-0.0302136
-0.0201917
0.0108684
0.0902293
-0.0324113
-0.0463862
-0.039108
-0.0764475
0.0172605
0.1044
-0.147294
-0.0591807
-0.0275892
-0.16523
0.069997
-0.123087
-0.0209267
0.00820478
-0.0674953
0.014579
-0.0235673
-0.0311764
-0.072019
0.0247123
0.0793919
0.0794657
-0.0993319
-0.0450644
0.008633
0.0708829
0.0216836
-0.0976354
0.03125
0.0317945
-0.019353
-0.0366531
0.0867355
-0.110713
-0.0229459
0.019315
0.0847104
0.0692701
-0.0237723
-0.0693192
-0.0439054
-0.108273
0.0406813
-0.167571
0.153609
0.118246
-0.0254169
-0.0795968
-0.0349267
0.0736015
0.00508519
-0.073944
0.0473498
0.0747762
-0.0119844
-0.0654296
-0.103982
0.101707
0.0159616
0.0130987
-0.0305479
0.0605023
0.01209
0.00826004
0.00927624
-0.0964083
-0.110522
0.0182246
0.0333127
0.11609
-0.0719908
-0.0794951
0.0122764
-0.0807282
0.165431
-0.200475
0.0954078
0.0945565
-0.0417549
-0.0917835
-0.100669
0.0428269
0.00889614
-0.00569193
-0.0769226
0.136779
-0.0765464
-0.108628
-0.137331
0.0815046
-0.0278271
0.106887
-0.07753
0.0255
0.0441249
-0.0134039
0.134113
-0.116155
-0.122101
0.0225789
-0.0589246
0.195445
-0.102001
-0.00230758
-0.127572
-0.0759412
0.155179
-0.153288
0.0317973
0.128072
-0.00648967
-0.108475
-0.00871505
-0.0591949
0.00108538
-0.0618575
-0.0160888
0.0539151
-0.134204
-0.0286023
-0.0183015
0.0385366
-0.0583561
0.0549251
-0.0860741
0.0223104
0.024194
0.0194547
0.136652
-0.111284
-0.0817491
0.0167869
0.0131952
-0.0100392
-0.0211965
0.0588297
-0.124447
-0.106001
0.0737021
-0.077944
0.0835198
0.126942
-0.0327512
-0.0892599
-0.0358961
-0.070244
-0.00883075
0.0399374
-0.0341222
0.133397
-0.0889441
-0.0764887
-0.0835926
0.137113
-0.0256965
0.0290344
-0.0196828
-0.0844202
0.0440116
0.0648165
-0.0321217
-0.101743
-0.0580443
-0.013983
0.0169337
0.00699183
-0.0448428
-0.00654865
0.0632014
-0.0189208
0.191708
-0.19478
0.0254268
0.0875136
-0.00902143
0.00996425
0.0584116
-0.0140655
0.0454703
-0.00488303
0.152162
-0.113012
-0.0781795
0.0428532
-0.0437261
0.00197345
-0.0102157
0.0240253
-0.0767086
-0.03921
0.0403813
0.0378022
0.100461
-0.0520169
-0.189457
0.0217002
-0.173676
-0.0383791
-0.00994763
-0.0204985
-0.0602284
-0.0676084
0.19063
-0.181598
0.0518796
0.00795465
-0.0558576
-0.103103
0.113445
-0.0883655
-0.0592309
0.0248927
0.0548258
-0.0597013
-0.00113147
-0.0305791
0.0020688
0.0324274
0.000939046
0.0459447
0.00894609
0.0829233
0.145058
0.130929
0.0302816
-0.174241
-0.086634
0.00738603
-0.196852
-0.0874283
-0.15551
0.11628
0.122615
-0.0891762
0.155658
-0.065408
0.0439492
0.0840897
0.0405658
0.115766
0.079495
-0.0510414
-0.0566159
0.0476972
0.000331845
-0.0839157
0.00277674
0.180188
-0.0631994
-0.116903
-0.00240003
0.22174
0.100549
-0.0263077
0.00999526
0.126446
0.0446598
-0.037918
-0.0702628
0.081844
-0.146157
-0.0140199
-0.0891721
0.0592167
0.00174188
-0.0927004
0.125263
-0.244013
0.112285
0.023754
0.150343
-0.0154405
0.023258
-0.155108
0.0269686
0.15225
0.067565
-0.116944
0.0138423
0.120249
-0.125785
-0.0244743
0.110849
0.239224
0.0850356
-0.026104
-0.0204373
0.139192
0.0414082
-0.0866405
0.0854951
0.0115329
0.0373413
-0.044718
0.00987994
-0.02808
0.0197581
-0.0336808
-0.164189
-0.165937
0.087282
0.0968682
0.0634074
0.0424747
-0.0695245
-0.131834
-0.0258582
0.0591438
-0.0973286
-0.0740322
0.0423932
0.102115
-0.0513401
-0.172054
0.103753
-0.0541116
0.128713
0.0529276
-0.0139551
0.142654
0.0473736
-0.0287068
0.197994
-0.0653766
0.216092
0.00146573
0.0718871
-0.0397151
-0.0299209
0.157987
0.0348406
-0.168757
0.0134665
-0.0176222
0.0382905
-0.0110253
-0.153862
-0.0732625
0.050493
-0.0196157
-0.0669956
0.0193139
0.0331653
0.00924696
-0.125083
-0.194491
0.110034
-0.0693799
0.101243
0.010665
0.133291
0.0979038
0.209675
0.0191086
0.123575
-0.00126731
0.206378
0.20145
-0.0184537
-0.00626077
-0.0537935
0.150086
-0.0344126
0.0192079
0.0699353
0.0577169
-0.0811856
0.0750217
-0.10708
-0.175967
0.114519
-0.00035616
-0.0897198
-0.0324969
-0.0476704
-0.0062545
-0.0711547
-0.102594
0.0361293
-0.0765151
0.0450747
-0.0407102
0.188551
0.148563
0.104578
0.070918
0.043457
0.0234959
0.153478
0.0864769
0.0394146
-0.0014133
-0.0883424
0.0659988
0.014721
-0.0015504
0.119588
0.133307
0.0420433
0.0341679
-0.0770411
-0.0809985
0.0982924
-0.0567671
-0.0329868
-0.0169139
0.0661692
0.0158573
0.0204786
0.05068
0.00149425
-0.0888879
0.120376
-0.123179
0.14925
0.0912694
0.137959
0.0162731
0.0175075
0.0438675
0.0893998
0.137745
0.0267581
-0.0745604
-0.120733
0.0367682
0.054945
-0.0951576
0.0791687
0.0319569
-0.0302884
0.112315
-0.167762
-0.0861959
0.0881696
0.0204211
-0.00876665
-0.123921
-0.0220381
-0.070631
0.142157
0.0854954
-0.0747045
-0.118379
0.131927
-0.0065139
0.116532
0.0806374
0.0554556
0.0181606
-0.0450759
-0.00857782
0.0694391
0.132376
0.00679463
-0.111319
-0.00968166
-0.121344
0.0549064
-0.0118609
-0.0521244
0.111854
-0.0148398
0.0777188
-0.0663365
-0.0149946
0.015315
-0.101743
0.0194674
-0.0600315
0.0543547
0.0365394
0.222135
0.0450903
-0.00775181
-0.0367826
0.0287565
0.0414496
0.0354693
-0.0198153
0.0108953
-0.0136147
-0.145977
0.064575
0.0558459
0.0730208
-0.0434372
-0.0546585
0.0147014
0.0911701
0.0828955
-0.0373884
0.0678313
0.0800471
0.00416514
-0.063142
0.0433581
-0.0371571
0.0943978
-0.0738173
0.00803191
0.0604681
-0.0386919
-0.0089184
0.111672
0.0309331
-0.0842777
-0.0414285
0.00634084
0.0394226
0.0932215
0.07438
0.144142
-0.0515225
-0.0167888
0.0487849
0.0267722
0.00556022
-0.0289926
-0.0429938
-0.051785
0.066324
-0.122826
0.0156393
0.0165682
0.0527855
-0.00791447
0.0560529
0.0114736
-0.0736248
-0.0107673
0.00211885
0.0144347
0.147546
0.00810067
-0.127605
0.0893014
0.0832006
-0.0505674
0.0862958
0.00841328
0.0419884
0.0514493
-0.147552
0.147048
-0.0572507
-0.117636
0.065557
-0.0739225
0.0967128
0.0932579
-0.0563822
-0.121747
0.0183024
0.109096
-0.0820828
0.000712829
0.121971
0.0703467
0.0110212
0.0596083
0.0283116
0.0658222
-0.134115
0.05595
-0.0108914
0.121816
-0.034761
0.00809233
0.124052
-0.0330356
0.0246448
-0.0272813
-0.0191618
0.000937944
-0.0559287
-0.00338587
-0.0162999
-0.13385
0.0644991
-0.00307389
0.0314949
0.0624124
0.122101
-0.0153149
0.029245
-0.0649606
-0.0279382
0.180267
0.0328461
0.016723
-0.118614
0.0447127
0.0408927
0.0767234
0.0342509
0.0120118
0.0899442
0.123986
-0.104539
-0.0142753
-0.0115918
-0.0705867
0.0680032
-0.0233461
0.0654145
-0.0232717
-0.103093
0.160235
-0.16811
-0.0546503
0.106721
-0.208058
0.0684953
0.0181759
0.141248
-0.0124071
0.127236
-0.0263684
-0.0605228
0.0447236
-0.061436
-0.0225621
-0.0511126
-0.0228232
0.0398218
0.168418
0.114724
0.00864559
0.109809
0.124036
-0.0373564
-0.0874008
-0.0644271
-0.0797373
0.1579
-0.0155335
0.000545173
0.0692535
-0.14813
0.00871903
0.012842
-0.0596598
0.0790094
-0.0915617
-0.0335505
0.0485888
0.0152457
0.00121103
-0.00168805
-0.04672
0.0583414
-0.042251
-0.0389538
-0.0720392
-0.009162
0.0607558
0.143691
0.11732
-0.0455794
0.0400803
-0.073369
0.117234
-0.0756799
-0.034646
-0.022525
-0.0884329
0.108696
-0.1521
-0.00285121
-0.0471065
0.021184
-0.0812465
0.0817194
0.0103757
0.0231363
-0.0199466
-0.121005
0.0436193
0.119616
0.0849143
0.0160032
-0.109111
0.0687383
0.0235206
-0.0922128
0.0553837
-0.0348531
-0.0180169
0.00625062
0.0127628
0.00186532
-0.0208043
-0.00026798
0.0271305
-0.0114611
0.0456645
0.0666754
-0.0288331
-0.072735
0.0280895
-0.00399207
0.0415342
0.0382282
-0.0235778
-0.0228814
0.0170057
0.0658368
-0.00231692
-0.0918438
0.00854628
0.0340135
-0.0235606
-0.0423557
-0.0586825
-0.015656
-0.0179185
-0.0535678
-0.0637887
0.0375993
-0.00238146
0.0945258
-0.0613099
-0.0357412
-0.0323541
-0.0653725
0.0531947
0.0275528
0.148625
0.027065
0.0666018
0.0181968
0.0467227
0.0265045
0.039673
0.0200556
-0.0814052
-0.011609
0.0354996
0.0535695
-0.0154738
0.00455102
0.00512781
-0.037147
0.0404578
-0.00347812
-0.095149
-0.0536137
-0.0531467
-0.0395164
0.0136812
-0.0171048
-0.0373658
-0.0490825
0.0658378
0.018286
0.00645333
-0.0365761
0.0220328
0.022822
-0.0465838
-0.0146728
0.00606108
0.0718263
0.00510586
-0.0419766
0.0146126
-0.00440758
0.0355943
0.0312234
-0.0440414
0.0802976
-0.0182437
-0.00555024
0.00210597
-0.0374258
-0.014741
-0.0701813
0.0366288
0.0334412
-0.00778513
-0.0280731
0.00531118
0.00820423
0.0106663
-0.0400745
-0.0187563
-0.0252506
-0.00961242
-0.0127899
0.0697839
0.113858
-0.0771989
0.0435779
0.0089935
-0.0546764
0.0114724
0.0051278
-0.017209
-0.0185232
-0.0110996
0.0596739
-0.0366485
0.0228339
0.000546914
0.0531209
-0.015288
-0.017518
-0.0238754
-0.102356
-0.0627495
-0.0789517
-0.00873993
0.0387141
-0.0269032
-0.0293429
0.051145
-0.0104009
0.080299
-0.0160083
0.105919
0.0371433
0.0485081
-0.0577399
-0.0305392
-0.0598194
-0.00193815
0.0153045
0.00833658
0.0443961
-0.122685
-0.033292
0.0882118
0.0309025
0.0620799
0.0324206
-0.0358364
-0.00309562
-0.0494862
0.0202377
0.0552965
0.0315712
-0.00319669
0.043767
-0.072903
-0.0342251
-0.0140465
-0.0429412
0.0885557
0.0338493
0.0330306
0.0532095
-0.0663694
-0.0578984
-0.0142669
-0.0037024
-0.0117851
0.0324459
-0.0132278
0.0152601
0.019974
0.0464506
-0.0837943
0.0302555
-0.0336472
-0.0764582
0.0607871
0.0376981
0.0325891
0.0740987
0.0038603
-0.0505799
0.0372275
0.0398988
0.06181
-0.0630498
-0.135985
0.00659396
-0.0825222
0.0320663
0.0199791
0.000937866
-0.0410807
-0.033514
0.00373217
0.000535371
-0.00173551
-0.00845104
0.0777525
0.0567054
-0.0684031
-0.00304356
-0.0616194
-0.00347002
0.0258463
-0.0865374
0.0177653
-0.0563218
-0.122561
-0.0700033
0.0448337
-0.00529169
-0.0791186
-0.0120704
-0.0573418
-0.0355553
0.109199
-0.0927381
0.0127003
0.10618
0.0803896
0.035391
-0.102455
-0.0224731
-0.031208
-0.0393955
-0.0199874
0.026992
-0.0709025
-0.0688026
0.057502
0.0176062
-0.0283236
-0.0447294
-0.0514811
-0.000218523
0.0716156
-0.0288256
0.11977
-0.177158
-0.172406
-0.0854267
0.0170056
0.104322
0.00684528
0.0983462
-0.0574821
-0.0873604
0.063291
-0.112197
0.0136282
0.0171874
-0.0418096
-0.0605697
0.0149119
0.0140212
0.00776631
-0.0257255
0.0431391
0.0641286
0.00429408
-0.0442332
0.0985513
0.141312
-0.137198
0.0143221
-0.00816799
-0.0847168
0.0384842
-0.0776225
-0.0477204
-0.173512
-0.163391
0.0406965
-0.104935
0.147586
-0.00544506
0.0489428
-0.171033
-0.0107723
0.128363
-0.124263
0.0869235
0.0643762
-0.111158
-0.0326095
0.0386569
-0.0259511
-0.0467454
-0.0886943
0.0967007
0.0345722
0.0455675
-0.083445
-0.025526
-0.0228491
-0.00908794
0.118997
0.0423877
-0.00351088
-0.00344617
0.0377869
0.107366
-0.175438
-0.150903
-0.0121009
-0.0141781
0.0822422
0.0107609
0.0267655
-0.0700054
-0.0272959
0.126704
-0.108787
0.0932008
-0.00908429
-0.0805063
-0.0881688
0.0567404
-0.0843414
-0.0255512
0.0449599
0.138267
0.0672294
-0.0318687
0.0651508
-0.000577556
0.120222
-0.038615
0.0492784
0.0308233
-0.0388804
-0.00106392
-0.0611131
0.0403107
-0.0923389
-0.0945727
-0.00935198
-0.0516122
-0.000659247
-0.0167703
0.029056
0.0408706
-0.0307873
0.0896777
-0.147577
0.0724889
-0.0233376
-0.0943221
0.0677178
0.060335
-0.0203701
0.0440335
-0.00567849
0.0920622
0.0662829
0.0282502
0.0231896
0.0548505
0.0581945
-0.10856
0.0554794
-0.0416566
0.0667861
0.0395981
0.0226253
0.00934552
-0.0402929
-0.144455
-0.0120997
-0.0432833
0.0169042
0.0154754
0.049766
0.0107728
-0.0178527
0.0949437
-0.204898
-0.0216707
0.0200844
-0.0850124
0.021878
-0.013533
-0.0772908
0.0120219
-0.0428973
0.154707
-0.0709679
-0.0404514
0.0223496
-0.0358987
-0.0990449
-0.0137971
0.0860635
-0.00144314
0.0807984
0.0508937
-0.0120532
0.0283587
-0.139722
-0.0630585
0.0632929
-0.123197
0.0907056
-0.0535448
0.0173096
-0.00527565
-0.123346
0.124838
-0.0930539
0.101292
0.0187277
0.0578353
0.0071136
0.0569916
-0.0757138
-0.0937157
0.0309658
0.0498857
-0.00265194
0.0756936
0.00364555
-0.0177277
-0.00520263
-0.0905798
0.109051
0.0169678
0.104579
-0.00462665
0.0477654
0.128713
0.0177093
-0.139777
0.10853
-0.112093
-0.0708997
-0.0318466
0.0957121
-0.0204871
-0.0253174
0.150543
-0.0726437
0.129981
-0.0410796
0.0705979
0.0562588
0.084395
-0.0734907
-0.0551198
0.00430692
0.0171939
-0.128984
0.0184138
0.0685291
-0.0367017
-0.133715
-0.00940227
0.228575
0.150611
-0.0345781
0.0663154
0.148549
0.0581093
0.0258262
-0.0866745
0.0223897
-0.0441326
-0.039347
0.0364607
0.0786566
0.148501
0.0316242
0.0240949
-0.0759083
0.0864358
0.0803441
0.0163759
0.0603354
0.021913
-0.210088
-0.0328885
0.0317612
0.0413456
-0.100972
0.178761
0.0545526
-0.0358834
-0.147091
0.0876728
0.0113546
0.115185
0.0141608
0.0572606
0.191219
0.0766771
0.0955034
0.106679
0.0608316
0.155384
-0.118299
0.102693
0.109252
0.0441494
0.0848674
0.0150592
-0.0752237
0.0406762
-0.0045588
-0.0175992
0.160936
-0.0496718
-0.0440883
-0.0387682
0.0112365
-0.0551786
-0.016208
0.0924999
0.102022
-0.193909
-0.178935
0.140676
-0.073228
0.0507978
-0.040979
0.0800822
0.129336
0.0880543
0.0250111
0.182041
0.0268211
0.182747
0.117472
0.0511953
-0.0162117
0.00501201
0.0764522
-0.039921
0.00801236
-0.035787
0.0320307
0.0070083
0.0695689
-0.058685
0.0221298
-0.0309458
0.0138726
-0.0373185
0.045203
-0.0369592
0.0655793
-0.0529003
-0.159015
0.0875689
-0.105516
0.0239794
-0.0463497
0.0935489
0.101651
0.0210016
-0.0944433
0.0705255
0.0139621
0.0686657
0.049501
0.074858
0.138234
-0.0467565
0.131458
0.0546277
-0.0448877
0.0901843
0.15855
-0.0798428
0.0167272
-0.188104
-0.0432307
0.0994066
0.0547961
-0.0101589
-0.0153976
0.0283753
0.0630651
0.00272164
-0.21365
0.106685
-0.0619128
0.113887
-0.12229
0.151254
0.0538089
0.100486
0.0228655
-0.0136533
-0.0374455
0.151899
0.164392
-0.0926605
0.0420242
-0.0830892
0.0333263
-0.0262924
0.0505714
0.0936744
0.0797045
-0.00729797
0.0763261
-0.114735
-0.0617428
-0.00360778
0.0214656
0.0502356
0.00125922
-0.0187062
-0.0500568
0.157112
-0.0723392
-0.00564652
-0.0152069
0.0718664
-0.0990051
0.163469
0.0124783
0.00933951
-0.00855887
-0.0155649
0.053326
-0.0901242
0.107893
-0.0942531
-0.0354388
-0.0167278
-0.0366278
0.0666254
0.0198996
0.0180325
0.107244
0.0946811
0.13568
-0.123593
-0.164812
-0.0336259
-0.0018557
-0.0258073
-0.0430969
0.0471174
-0.0105569
0.0998903
-0.009167
-0.0819414
-0.0106642
0.242285
-0.0688771
0.157377
-0.0277425
-0.0108754
-0.0789954
-0.0856087
0.0158563
0.0660335
0.0579777
-0.0823775
-0.0350758
-0.0568913
0.0703193
0.0518221
-0.0675332
-0.0309526
-0.0447018
-0.0379934
0.0490466
-0.0143559
0.0018889
-0.028138
0.0607511
0.0977707
0.0192673
-0.0551696
-0.0732376
0.114972
0.130526
-0.00972792
-0.032492
0.0657931
0.00898093
0.00018394
-0.0274665
0.0504027
0.0673395
-0.0429507
0.000397499
0.0146406
0.0575454
0.00782347
0.0461088
-0.0592592
-0.0283003
0.03676
-0.0284342
-0.0554847
0.0299936
-0.0547349
-0.0115615
-0.103511
-0.0269263
0.0377712
0.0460471
0.0704846
0.0192874
0.000824305
-0.0132339
0.15092
0.066077
-0.0325212
-0.0111108
0.00280255
-0.0370657
0.075459
-0.0910172
0.124897
-0.0639884
-0.0824597
-0.0901511
-0.0125913
0.0260392
0.037778
0.0472307
-0.0413587
-0.0147338
0.0921401
-0.0589537
0.0184864
-0.00905702
-0.0161407
0.062052
-0.0250836
-0.0418255
-0.0196509
0.118932
-0.000691681
0.0369684
-0.0222646
-0.0334275
0.145962
0.0689228
-0.111442
0.00202167
0.00149327
0.0502374
-0.00640035
-0.0502914
0.0919459
-0.0736602
0.0322862
0.0650288
-0.00188656
0.0449091
0.0034016
-0.0363353
-0.00750272
0.123167
0.107382
-0.05679
0.00482197
0.0517678
-0.0488791
0.00867587
0.0114263
-0.0278211
0.0228573
0.0459058
0.0676046
0.0189559
0.0292236
0.00638196
0.0711539
0.172
-0.0954997
0.0406217
-0.0733695
0.0411571
0.0309198
-0.0301477
0.0634222
-0.156196
-0.00148334
-0.0135653
-0.0775207
0.104929
0.0891316
-0.00604554
-0.01803
0.0637298
-0.0264462
-0.0696673
0.00668712
-0.00477573
-0.0812173
-0.0604222
0.0482892
0.136114
0.0859493
-0.0728447
0.0427887
0.0484716
0.0693824
-0.0554649
0.0112939
0.0781078
-0.0680769
-0.02561
-0.0263257
0.0153603
-0.0499564
-0.0937392
0.0645479
-0.00654417
-0.018345
-0.01067
-0.186193
0.0379996
0.061442
-0.00557504
0.0678813
0.0312713
0.0909768
-0.00825125
-0.0312136
-0.117303
-0.0332892
-0.0264539
0.027511
0.0600101
0.0987278
0.0523497
0.110344
0.0537416
0.15233
-0.0298191
-0.0254208
0.0475284
-0.0356369
0.133839
-0.0183606
-0.00534424
-0.0831413
-0.0668631
-0.0422673
-0.0419235
0.0916699
0.0682996
-0.0740338
-0.0660049
0.0223868
0.0615722
0.0940708
0.099514
-0.0258212
-0.0237997
0.12584
-0.101918
-0.108656
-0.000379034
0.00213973
0.069398
0.111267
0.0149286
-0.0356195
0.034884
0.0612543
-0.0292837
-0.049086
0.0562931
-0.0818558
0.0360749
-0.0667269
0.10995
-0.0601678
-0.0289013
-0.0335633
-0.0363974
0.0109739
0.0715291
-0.0343236
-0.0858329
0.0437782
0.0295448
0.1005
0.0651052
0.0527942
0.0652501
-0.06086
-0.0769518
0.000190933
0.022368
0.0187263
-0.027815
-0.0787988
-0.0184792
-0.000677009
0.0351537
-0.0316225
-0.115566
0.0325359
-0.0441253
-0.0665151
-0.0290358
0.00889651
0.00573575
-0.0815163
0.00811698
-0.0445307
0.020602
0.036155
0.0292188
0.00243294
-0.0615091
0.0158487
-0.0546182
0.0805478
0.0648584
0.0423799
-0.0139514
0.0215205
-0.0225296
0.0789121
0.0741201
-0.042265
-0.158639
-0.0215431
0.00191538
0.00357353
-0.0253924
0.0133029
0.0312166
0.0317843
0.0434271
0.0328032
-0.0180181
-0.0179743
-0.0590831
0.00802312
0.0252684
-0.0545976
-0.0403596
0.0442189
-0.00818753
-0.0859703
0.00236622
0.0857674
0.00608726
-0.00499449
0.0388794
0.0278855
0.0708502
0.0342388
0.0188293
-0.0684994
-0.0139182
-0.0154373
0.055074
-0.0322709
0.0192648
-0.00938088
-0.117742
0.0856362
-0.0240076
-0.0011133
-0.0147487
0.0591853
-0.0430444
0.0412323
0.0461464
0.0612137
-0.0634977
0.0560653
0.0409542
0.0844214
-0.00824775
-0.0347013
0.00402138
-0.0263958
-0.00488481
0.0523626
0.0176282
-0.00317861
-0.0466626
0.0066816
-0.0913079
-0.066361
0.0435681
0.052339
-0.107694
0.0645268
0.0261625
-0.0282187
-0.0556826
0.0281718
0.0721851
0.037708
-0.0104276
-0.0391631
0.0602285
-0.0523263
0.0171906
0.0612448
0.0643593
-0.0821994
0.0176668
-0.0673822
-0.0821767
-0.052423
-0.0385497
0.0156123
0.0439843
0.0213642
-0.0906919
0.0984759
0.024556
-0.05214
0.0614126
-0.0307211
-0.0815147
-0.0258518
-0.0137631
0.0164644
0.0590787
0.104744
-0.0102397
-0.0224627
-0.00428383
-0.0536921
0.0665724
0.00179089
0.0922069
-0.0160524
-0.0243715
0.122984
-0.00852123
-0.0431261
0.0118493
0.0970897
-0.00218528
0.0443136
-0.0107744
0.0128895
-0.0340012
-0.0172368
0.040538
0.0333051
0.0429714
0.109587
-0.0310428
0.0205323
0.00103995
-0.00230979
0.0984994
-0.05794
0.00743598
0.0516737
0.0274592
0.0253938
0.0329251
-0.000253186
-0.0187588
-0.0237077
-0.0152298
0.00659596
-0.0243541
-0.0453989
0.0397296
-0.0454517
-0.0438751
0.00599417
0.00504872
0.0540221
0.0426467
-0.0471295
0.03834
0.00829992
-0.0335179
-0.0676011
-0.12764
-0.0363198
-0.0161652
-0.0746579
-0.011449
0.041207
0.0372795
-0.0113676
0.0573923
0.0406028
-0.00905391
0.0296356
-0.0187659
-0.0555361
0.0777243
-0.0306468
0.0023087
0.00682443
0.0111805
-0.014945
-0.0605194
-0.00663445
0.0749472
-0.0255544
-0.0361347
0.0476555
-0.0121164
-0.0367447
0.032265
-0.0572893
-0.0948805
0.106195
-0.0905
-0.00999724
0.0329014
-0.00844854
0.0135609
-0.0305919
-0.102513
-0.0929877
-0.0705813
0.137494
0.0176128
-0.00286805
-0.0688698
0.108889
0.0553318
-0.058498
-0.0266043
0.0435044
0.0275267
0.00710304
-0.0664415
-0.00158
-0.10804
-0.0403545
0.0236721
0.0154286
-0.0292276
-0.0094822
0.0369991
-0.00357121
0.0642439
0.0939815
-0.119104
-0.0544609
-0.0404977
-0.120472
0.00334256
0.0121063
0.00831495
0.057468
-0.0581685
0.035878
0.0729325
0.0428374
-0.0509205
0.113216
0.143589
-0.0438728
-0.0201791
0.120783
-0.040176
-7.38133e-05
-0.00762065
0.0388646
-0.14565
-0.13251
0.0339873
-0.0457122
-0.0295938
-0.0101729
0.00771133
-0.129393
-0.00847489
0.0599301
-0.00623992
-0.0249692
-0.07128
-0.0878442
-0.0191285
-0.052864
0.0487373
0.039237
0.00935835
0.0925664
0.043166
0.123055
-0.0559225
0.118408
0.0909452
-0.165529
-0.0222997
0.021329
0.0083457
0.0745867
-0.0826014
0.0896787
-0.0241924
-0.044903
-0.0197427
-0.0784558
0.0347606
-0.0231802
0.0247137
-0.03128
0.0920826
0.137503
-0.0876212
-0.0180396
-0.0658297
0.0251864
0.0149641
-0.0266964
-0.0763652
0.028272
-0.0411916
0.138352
0.138595
0.0708212
-0.0918191
-0.014604
0.109128
-0.0403969
0.0288813
-0.0307736
0.0205026
0.115416
0.066571
0.097861
-0.0782591
-0.111506
0.0836508
-0.0247178
-0.0233002
-0.0973442
0.0499636
-0.0750682
-0.0291891
0.121207
-0.0973523
0.142299
-0.0820397
-0.0669432
-0.0899193
0.0628746
-0.0364136
0.0396982
-0.0974714
0.0780452
0.131608
0.0726451
0.00309292
0.0755572
0.03036
-0.089592
0.0560895
0.0468111
-0.0305374
-0.0988117
-0.0606822
0.168796
-0.0141681
-0.100303
0.00498589
-0.0432055
0.0158459
0.0578461
0.079154
-0.00292936
-0.010661
0.0837487
-0.0863418
0.0361827
-0.0128776
0.0340302
-0.0210492
0.067604
-0.0767073
-0.0382631
-0.103241
0.0442453
0.0475111
0.0973123
-0.0764918
0.0659068
0.0707244
-0.0162215
0.156845
0.129801
0.0376905
0.0932312
0.0860696
-0.00838465
-0.0527114
-0.153707
0.0167754
-0.177514
-0.0888285
0.105972
0.0295034
0.124429
0.0313648
0.0879429
-0.0494923
0.0650643
0.00232427
0.0316343
0.0845342
0.122829
0.0183311
-0.00340981
-0.0361496
-0.00882236
-0.0270283
0.0586361
0.0670364
0.0673461
0.0120293
0.0494814
0.110471
0.00848659
0.0340347
0.0948344
0.0387288
0.0780108
-0.00482955
-0.104767
0.100573
-0.164215
-0.11851
0.0144153
0.0422765
0.0722565
0.0061042
0.121779
-0.0888845
0.0278749
-0.0332218
0.00689576
0.0106656
-0.117007
-0.0992836
0.0542486
0.0403733
0.105647
-0.0388827
0.0555893
0.029685
-0.0224863
-0.022715
0.0562458
0.0835031
0.0891758
0.0750041
-0.0764527
0.239579
0.0643685
-0.00822667
-0.0657858
0.0555962
0.10234
-0.0615036
0.0405831
0.0266474
0.085147
0.0112086
0.0124186
-0.043076
0.0274565
-0.00800359
0.0293948
0.03752
0.0281135
-0.156511
0.0108741
0.0208855
-0.0659542
-0.0397508
0.0971777
-0.033851
0.0550839
-0.20013
0.0710577
0.0504261
0.0384215
-0.0208122
0.033621
0.141371
0.107864
0.0531898
0.0926966
0.08233
0.0921989
-0.0309735
0.06179
0.0607501
0.0248949
0.226078
-0.0245621
-0.055141
0.0479154
0.0194401
0.0342156
-0.046198
-0.0881441
-0.0574952
0.0619889
0.0545071
-0.0910845
-0.00636479
0.0988942
0.0481318
-0.012239
-0.150334
0.100021
-0.0559156
0.153362
-0.105512
0.090284
0.170048
0.103136
0.0363601
0.166979
-0.0438438
0.100685
0.0268162
0.0857304
0.0779381
-0.0246384
0.114929
-0.101503
-0.0268351
-0.0243677
-0.0481786
-0.00165987
0.0155008
-0.0760275
-0.045453
0.057605
0.0714646
-0.14078
0.0373828
-0.000701426
0.029885
0.000142873
-0.212774
0.055918
-0.108539
0.118173
-0.0877684
0.240816
0.239978
0.0664393
-0.0394159
0.104873
-0.011341
0.0815095
0.0970819
0.138608
0.0338949
-0.0901405
0.0616178
0.000238164
-0.00667784
0.0529207
0.0263715
-0.0459463
0.0261326
-0.172298
-0.0843635
-0.0364989
0.0814911
0.0723833
-0.0324594
0.111235
-0.0468324
0.00467877
-0.0574456
-0.097901
-0.0855062
0.0949316
-0.0824507
0.0229324
0.0872616
0.106409
0.0175473
-0.0244851
-0.0224266
0.0661912
0.0965534
-0.0188499
0.0533473
-0.0566475
-0.00903182
0.125867
-0.00627201
0.10187
0.0410007
-0.0831908
0.0960972
-0.182873
0.00260085
-0.0312906
0.0883591
0.0430849
-0.0364258
-0.0346809
-0.0539941
0.100545
0.0661768
-0.0897642
-0.123981
0.0487539
-0.0355065
0.202082
0.00393096
0.115173
0.0406091
-0.0339282
0.0704586
0.0217635
0.027446
-0.0318268
0.0235057
0.0123965
0.00581849
0.0996739
0.0794944
0.0777672
0.0944831
-0.0442892
0.0603784
-0.166331
-0.0047843
-0.0731206
-0.0577887
0.0370714
-0.0889
-0.0423849
-0.102533
0.0848426
0.0435942
-0.107526
-0.0364188
0.0767625
0.0512522
0.0283479
-0.0917288
-0.0195748
0.0462223
-0.0845622
-0.0357028
-0.0309336
0.0318766
-0.0429779
0.0223563
-0.0133314
0.0432726
0.0314224
0.0473575
-0.0597213
0.078148
-0.000550293
0.00197499
-0.0193488
0.0735966
-0.116427
0.0515364
0.0734448
0.036734
-0.0452783
0.000541744
0.0528831
0.072475
-0.0339874
-0.0114547
0.0496379
-0.0599845
0.120973
-0.122251
0.0358332
-0.0428017
0.0420956
-0.0910327
0.00053259
0.024
-0.0402653
-0.0389916
0.0266011
-0.0813222
0.0785925
-0.0856312
0.00101382
-0.00711729
-0.0910666
0.146494
0.0346321
0.0377949
-0.0789777
0.0370931
-0.074037
0.0474056
-0.05568
0.0412246
0.100021
0.0680673
-0.120562
0.0717245
0.0295332
-0.0327989
0.00447763
-0.133425
0.00701539
-0.029301
-0.0274159
-0.103186
-0.0218787
0.0934819
-0.046227
0.0177049
-0.0249865
0.00679751
0.0300426
-0.0381353
-0.0110136
-0.0456536
0.0166936
-0.0222668
-0.0396507
-0.0214301
0.00876256
0.00642302
0.0163153
0.0469972
-0.0469731
0.0673399
0.0636939
0.00403438
-0.0579549
0.0242669
0.0417774
0.00691596
0.0471381
-0.120894
-0.119206
-0.0656108
0.0539525
-0.0355008
-0.0243399
-0.00393822
0.0135777
-0.0420677
-0.049976
0.0999637
0.0993022
0.0341099
0.0934765
-0.0228255
-0.0361063
-0.0490069
0.0218931
0.0476951
0.0184778
0.0866923
0.0304532
-0.00184115
0.0325057
-0.036779
-0.0027345
0.0782073
-0.0324232
0.0425388
0.0172507
0.0429318
-0.0313805
-0.118822
-0.0877279
-0.127434
0.0703244
-0.0810911
-0.0244126
0.103407
-0.0355152
-0.0412664
-0.074256
0.0305785
0.0797604
-0.0267868
0.0704284
0.0535396
-0.01124
-0.0488646
0.000486229
0.0263779
0.0457256
0.113304
0.0773215
0.0423094
-0.0828031
0.00848467
-0.0806854
0.136346
-0.11687
0.12675
-0.00906143
-0.0494333
0.0198463
-0.150176
0.0320813
-0.0495461
-0.0456605
-0.0328688
-0.104467
-0.0260805
-0.0295374
0.0271318
0.0287569
0.0729036
-0.0113662
-0.0838144
0.0774391
-0.116182
-0.0570926
-0.0748358
-0.0608348
0.0715841
0.0190843
0.0786263
-0.0284882
0.048614
0.128827
0.0187437
-0.036301
0.121192
0.0143119
-0.0277309
-0.0743909
0.0302495
-0.0326974
-0.0109834
-0.0279478
0.0665258
0.0188847
0.115557
-0.0177844
-0.110055
0.11553
0.0668779
0.0872448
0.0190805
-0.0244164
0.0781663
0.038359
-0.0140585
-0.0393323
-0.0066
0.14032
0.0780197
0.0259347
0.0149564
-0.000309865
-0.00162351
-0.00671929
0.098756
0.0782524
0.0565374
0.0164286
0.0319793
-0.025619
0.0157976
-0.0387214
0.0701192
0.00688547
0.0549989
0.0305372
0.00857967
-0.122272
0.0508859
0.020605
0.0856418
0.0401384
0.0465822
-0.0996467
-0.0123595
-0.151842
-0.0602479
-0.0301889
0.0807466
0.151038
0.0153466
0.040199
0.013665
0.0507059
-0.0422472
0.0947833
-0.0941139
0.0340255
-0.00130345
0.00587639
-0.0816743
0.0771096
-0.0535448
0.0881515
0.115796
-0.153995
0.120042
0.0477615
-0.0150902
-0.027988
-0.0540511
-0.0672102
0.059806
0.0038645
0.045453
-0.0207779
-0.0134247
-0.0746993
-0.081899
0.0550771
-0.011735
0.155134
-0.0303768
-0.0737606
0.0296807
0.0300707
0.0316296
-0.0016085
0.11268
0.0607715
0.0354773
0.0265617
-0.0214772
-0.0399899
0.00317075
0.0733793
0.0599128
0.0400607
0.0175849
-0.0186005
-0.0417636
-0.0713557
0.0105594
0.0819358
-0.00867948
-0.0205766
0.00598433
0.0247937
0.0474283
-0.0326524
-0.00416829
0.000978021
-0.0509464
0.00990424
-0.0179368
0.022391
0.0282681
0.0363688
-0.0629415
-0.0680072
0.042794
-0.0274854
-0.00733374
-0.0216422
-0.0952111
0.0142222
-0.0302441
-0.0409607
0.0519625
-0.149802
0.0241212
0.0164508
-0.0073285
0.0143212
0.0686687
0.0143903
-0.0484861
0.00214515
0.0423749
0.0507762
-0.0157807
-0.0395869
-0.0418742
-0.0255524
0.0294584
-0.0755572
0.0154292
0.0245544
-0.0545726
0.0736272
-0.110528
0.0248416
-0.031474
-0.0459423
0.0982187
-0.0866063
-0.0421223
-0.0324811
-0.0211119
-0.041515
0.0299709
-0.0127453
-0.0193214
-0.0173488
0.0578243
-0.0669814
-0.0111878
0.0192079
-0.0553675
0.103073
-0.0384028
-0.0191144
-0.0134452
-0.00712856
0.0442937
0.0189652
-0.0144605
-0.0318562
-0.0374216
0.0745162
0.000711503
0.0564371
-0.0514788
0.0467271
0.0316656
-0.0355217
-0.0453133
-0.0176942
0.0107479
-0.0075558
0.0055648
0.0136601
0.0465941
0.0558043
0.0546453
0.126724
-0.0119665
-0.0538987
0.0443704
-0.018446
0.0277214
-0.0146181
0.0160158
0.0276118
-0.0370612
0.0375666
-0.0890452
-0.000659873
-0.0611345
-0.0579832
0.0293241
-0.0209726
0.0259258
0.0623121
0.018163
0.0500629
0.0837928
-0.0383477
0.0382118
0.0715785
-0.0616021
0.0673855
-0.041593
-0.0452762
-0.0501815
-0.0343456
0.0618549
0.0874517
0.124672
-0.00739375
-0.0313989
-0.0947546
0.0320783
-0.0250848
-0.0150141
-0.037758
-0.0434918
-0.0969465
-0.0406826
-0.0105617
0.0228232
0.0105773
0.0183085
-0.0982664
-0.0766626
0.0316333
-0.114177
0.0227503
0.052706
0.0237821
-0.0501958
-0.00454301
-0.068106
0.0634644
0.0432661
0.0152951
-0.022116
-0.0518794
-0.0409377
0.0664718
-0.000171293
0.0612713
0.0154934
-0.0149273
-0.0829529
-0.0279809
0.00158689
0.000882523
-0.0500953
-0.20684
0.0221862
-0.0895167
0.0830289
0.0322977
0.00940136
-0.0482744
0.0489425
-0.011206
0.0759462
-0.109924
-0.0116018
0.0958348
0.121432
0.0145123
-0.11373
-0.00686103
0.0927758
-0.0467033
-0.0634359
-0.0437528
-0.0723415
0.0452288
0.0353603
-0.0127044
-0.0877844
0.0455208
0.00878312
-0.0978762
0.0227675
0.0847632
-0.0318688
-0.141625
-0.0381206
-0.141443
0.015895
-0.00968445
0.0500026
-0.035522
-0.10222
0.116502
0.0868355
-0.0116097
0.0572148
0.053256
0.0424138
0.0358136
0.052949
-0.00822062
0.0248974
-0.0178511
0.0138821
0.098606
-0.0504793
0.0205905
0.0725453
-0.0522313
-0.0932778
0.0501188
0.0954637
0.0747281
-0.0111415
0.0289634
-0.021494
-0.0804073
-0.0590461
0.0114199
-0.00863977
0.0328899
0.0294586
0.0483566
0.00959391
0.0868666
0.0658234
0.0341391
-0.0899709
0.0465462
0.0302688
0.0258093
-0.0269939
0.0604361
0.00717509
0.0157491
-0.056613
0.0237888
-0.0503116
-0.0194545
-0.0141819
-0.0814486
0.0739054
0.0646758
0.039629
0.00967493
0.0396135
0.0838351
0.0315709
-0.0264773
0.0567511
-0.0278353
0.00120651
0.00499728
-0.0887826
0.0776058
-0.112525
0.15443
0.213203
0.0432625
-0.0504358
0.0709791
0.12029
-0.0971659
0.011282
0.0936961
-0.0140369
0.0508175
-0.0434248
0.108809
0.0128494
0.0334539
0.0065469
-0.0870364
-0.0189094
0.160188
0.039832
0.0845417
0.0260151
0.105764
-0.0943637
-0.0168512
0.07813
0.00286539
-0.0514055
-0.0206034
0.0573411
0.155561
-0.0509222
0.154923
0.0466383
-0.0402693
-0.156355
0.067157
0.0196097
0.018626
0.0833781
-0.0538996
0.00626944
0.0313757
-0.021784
0.0872507
-0.0661818
-0.0438764
0.110671
-0.0656671
0.106572
0.0756113
0.0352134
0.0764608
0.0344011
0.00418346
-0.113037
0.0247288
0.0523626
-0.0464569
0.0273046
0.0372223
0.00259659
0.0941865
-0.0651581
0.128357
-0.0712198
0.0538674
-0.0829927
0.00348507
0.0323864
-0.0529151
0.128292
0.00415831
0.0450897
0.0764563
0.0682392
-0.03677
-0.153657
-0.0585013
0.143191
-0.105778
0.0821329
0.101016
0.0121221
0.0877267
0.137898
0.0555826
0.101899
0.0641285
-0.0218664
-0.0280088
0.0577559
0.013982
-0.0885085
0.0755905
-0.00470596
0.0078614
0.14118
0.103143
-0.0701874
0.0857285
-0.0395941
-0.0323535
0.0754529
0.0460629
0.0361998
0.0828725
0.0091915
0.137475
-0.0472232
-0.0798849
0.147624
-0.0817869
0.0122665
0.0543495
0.0432597
0.0190017
0.139426
-0.0513063
0.000276449
0.0146432
0.0274685
0.0530639
0.0844704
-0.0256576
-0.0337667
0.058469
0.0411771
0.041176
-0.0777553
0.130021
-0.0494868
0.0212193
-0.0502855
-0.00890434
-0.0563773
0.113339
-0.00205101
0.0777442
0.200978
0.112888
0.0587737
0.044493
0.0939279
0.0633722
0.111555
0.0495697
0.0738379
0.0670623
0.0434473
0.00981228
0.0631735
0.00525326
0.0567587
-0.0179753
0.146629
-0.0205038
-0.168292
0.00189201
-0.0498917
-0.0651833
0.0169745
0.142669
-0.0912161
-0.0236425
-0.113116
-0.0372243
0.00487445
0.118441
0.0567095
0.0302334
0.168266
0.0943024
0.0805218
0.109556
0.0355175
0.032338
-0.0242269
0.073334
0.120498
0.00264244
0.0591631
-0.0348541
-0.0275165
-0.0455738
-0.0328162
-0.00798101
0.00934187
-0.0845462
-0.02642
0.00711597
0.0172324
0.0671039
0.0449812
-0.0646785
-0.0957803
-0.0235499
-0.166258
0.0173355
-0.0390055
0.014015
-0.0463931
0.0797364
0.132914
0.107675
0.061505
0.126195
-0.0520381
0.132741
0.07167
0.08
0.173582
-0.0142745
0.153455
-0.0547048
0.0451359
0.0671548
-0.0510908
-0.0224098
0.0168386
-0.148667
-0.074055
-7.64245e-05
0.00120803
0.0379907
-0.0981541
0.00512659
-0.0439131
-0.0534523
-0.158812
0.055536
-0.101023
-0.0292639
-0.10484
0.146065
-0.00528453
0.137018
-0.0399427
0.013346
0.0467817
0.0753614
0.0372358
-0.0460733
0.0958596
0.0111044
0.0558707
0.0481142
-0.0471261
-0.0263465
-0.0551831
-0.0479957
0.0253677
-0.217004
-0.0725569
-0.0492511
0.0666591
0.0172174
-0.012865
-0.0241334
-0.0961878
0.0426151
0.0304074
-0.0165251
-0.057813
-0.0431421
-0.00652873
0.180474
0.00353541
0.0688092
-0.0469098
-0.00642296
-0.0115738
0.00782027
0.0869925
-0.000768512
0.014439
0.00851863
0.0569754
0.0798421
0.0439654
0.0415141
0.0755388
0.0956911
0.0953525
-0.14193
-0.13433
-0.0806844
0.0220123
-0.0205635
-0.0363647
-0.00555789
-0.148754
0.0175083
0.134001
-0.119146
0.0296581
0.152756
0.000133997
0.077011
-0.00459181
0.0670334
0.0180563
-0.0271569
-0.0829389
-0.0520368
0.0787799
-0.053653
-0.0039763
-0.0649025
-0.0452254
0.0153369
-0.0573136
-0.062036
0.0041953
0.0788326
0.0614167
-0.0813311
-0.0949166
-0.0415356
0.0540428
0.0878722
-0.0030895
0.00589194
-0.0174173
0.14222
0.0707151
-0.109474
-0.00474986
0.107624
-0.072515
0.0808842
-0.0814973
0.00867294
-0.0269624
-0.0407117
0.0657062
0.0433815
0.0163657
0.0521542
-0.0295816
0.0475491
-0.0811763
0.210064
-0.072581
-0.0147582
0.000735472
-0.0527851
-0.0248699
0.0293226
-0.0383519
0.0128218
0.0621615
0.190637
-0.0898347
-0.0194814
-0.0259103
0.122644
0.0821125
0.0059628
0.0625216
0.0923193
-0.00368789
0.0593434
-0.0673538
-0.0327457
-0.0343141
-0.0271746
-0.110234
-0.0366499
0.0986611
-0.0287168
0.0330426
-0.0876866
-0.0575223
0.0432903
0.00033218
0.00952042
-0.0157171
-0.104043
0.0711572
0.0435784
0.040687
0.0433611
0.0968595
0.121868
0.0685914
-0.0138755
0.0530467
0.0661744
0.0526777
0.025814
0.00520292
0.0627212
-0.071845
-0.0718342
-0.148919
-0.0352083
-0.0964265
-0.0485874
0.019998
-0.00361344
0.0380265
0.0274296
-0.0174172
-2.94791e-05
0.0661861
0.0482923
-0.0563115
0.0672604
-0.0832569
0.0145711
-0.0399093
0.0650608
0.0231284
-0.0457103
0.112597
0.0500576
0.0358258
-0.00488566
0.0490058
0.0774526
0.163445
-0.140295
0.0494495
0.0859994
-0.0059647
-0.0562866
-0.0795821
-0.0772105
0.0402059
0.0873742
-0.0659667
-0.00164693
-0.0169438
0.136674
0.0838839
-0.0300238
0.0465142
0.0339613
0.0198871
-0.0349402
-0.0179387
-0.124639
-0.0249571
0.0995577
0.0781131
0.00660047
0.0220306
0.0527676
0.0594304
-0.00928504
-0.0248441
0.0213464
0.0836066
0.0116203
-0.0109455
-0.0102271
-0.114953
-0.0203909
-0.0629166
-0.137294
0.0365494
0.0643099
-0.0587532
-0.0225679
-0.128279
-0.0557927
0.0429389
-0.0926996
-0.00401503
-0.0369703
-0.0373771
-0.0745797
-0.136596
-0.0184134
0.0486226
0.0440855
0.0370509
0.0636203
0.0892569
-0.0337593
-0.029157
0.139183
0.0570395
0.0831394
0.0327419
-0.0886569
0.144737
0.0643984
0.0208903
-0.0673944
-0.0668506
-0.149033
-0.0166251
0.0306991
-0.0323925
0.0467527
-0.00974557
0.0584972
0.108414
0.0523364
-0.00550673
0.0688464
0.0279203
-0.0295474
-0.0542936
0.0390501
-0.0787258
0.0981287
0.0298093
-0.0370792
0.063447
0.0213136
-0.0651425
0.0120688
0.0922875
-0.0723798
0.0491693
0.0409927
0.0485976
0.0482352
0.0464041
0.00535859
-0.0390349
-0.133575
0.0200587
0.0550245
0.120416
-0.0167179
-0.109792
0.138738
0.0314362
0.0205613
0.0734353
-0.00140471
-0.0227997
0.0375554
-0.0640103
0.00258338
0.0805791
-0.0077713
0.0542662
-0.00432309
0.0513462
0.12159
-0.0557507
0.0889823
0.0485742
0.117068
0.0686631
-0.0466399
0.0751193
0.0326347
0.0144741
-0.00975312
0.0588974
-0.124553
0.0161109
-0.0189138
0.0846269
0.052099
-0.0655419
0.18421
0.121584
0.0752992
0.0817783
-0.0986686
0.101245
-0.0668112
-0.122786
0.0459144
0.206823
-0.0434401
0.00740413
-0.0777444
0.0446461
0.165424
-0.0552557
0.0353557
0.0222064
0.0373063
0.038858
-0.0645852
0.070558
-0.0363444
-0.0564314
0.00382359
0.0548183
-0.0580849
0.112395
0.102084
0.0562291
0.0269679
-0.0597468
0.108595
0.0497343
0.0334833
0.00684449
-0.0436847
0.0298831
-0.0817627
-0.0613242
-0.00698811
0.0253706
0.0816161
-0.039688
-0.0822476
0.0262373
0.0759867
0.0212891
0.0341414
-0.0161807
0.063192
0.0304876
-0.0625401
0.0214054
0.00857878
0.00665922
0.00226043
-0.0549032
-0.0321743
-0.0164564
-0.0915026
-0.00924139
0.0113135
0.019257
-0.0294654
0.0754265
-0.0171971
0.07523
-0.0352663
-0.0259716
0.0120451
0.0560794
0.0449884
-0.0301389
-0.0610746
0.0246119
-0.00839621
0.0884468
0.051652
-0.0609505
0.037571
0.0412004
-0.0928447
-0.00479022
-0.10202
-0.0052834
0.0216116
0.0435988
-0.109557
0.0229906
0.00889869
-0.0352687
-0.0289319
0.0783217
0.0806557
-0.0745752
0.0176825
-0.039963
-0.00840537
0.0289003
0.020309
-0.00800528
-0.00782558
0.0270585
-0.0417516
-0.0625922
0.00643946
0.0619643
-0.00517097
0.0250856
-0.00955692
-0.0229017
-0.00591291
-0.00119065
0.0516737
-0.0158243
-0.0515673
-0.0281293
0.0244354
0.0495283
0.0505441
-0.00526234
-0.0771326
-0.0342665
0.0204406
0.0379958
0.0363724
0.0251423
-0.0317124
0.0796404
0.0816687
0.00140511
-0.0334217
-0.0199893
-0.0629556
0.0170419
0.056508
-0.00310658
0.0841047
0.00756446
0.0479717
0.0645912
0.0352587
-0.0184478
0.00734921
-0.0175516
0.0354079
-0.065534
-0.0350486
-0.00503126
0.026549
0.020831
-0.115265
-0.00934593
-0.0801367
0.0631899
-0.0544094
0.0435678
-0.00928254
-0.0184055
0.0417566
-0.0191651
-0.0298299
0.0139588
-0.0375342
0.00656622
0.0199299
0.0297792
-0.040251
-0.0195168
0.0304809
-0.00265698
-0.038605
-0.0182061
-0.048315
-0.0366379
0.00637312
0.0681874
0.0528394
-0.0660425
-0.0673572
-0.0231375
0.110158
-0.0750358
-0.0569351
-0.0176164
-0.124758
0.112722
0.0503126
-0.0634974
0.0907886
-0.112473
-0.0294817
-0.0171139
0.00512957
0.044968
-0.171836
-0.0757657
0.073247
-0.0191734
-0.0898783
0.12375
0.00131168
0.124626
-0.0916299
0.0101491
0.024513
-0.0740546
0.0157216
0.0788504
0.0262785
-0.0123677
0.0122886
-0.0671507
0.135108
-0.0204516
-0.135303
0.0794355
-0.23414
0.0836527
0.148679
-0.0127994
0.0350746
-0.0427908
-0.0025557
0.0923061
-0.00247118
-0.054766
0.0018482
0.0215864
-0.0195669
-0.0791189
0.0103629
0.0419619
0.00590173
0.00583653
-0.0681424
0.00200035
0.0882405
0.0636487
-0.0211005
0.133612
0.0229265
0.072758
-0.0173803
-0.0361898
0.0633603
-0.0402858
-0.0874454
-0.0841626
-0.102045
-0.0497865
-0.00464978
0.0485629
0.0214565
-0.136646
0.0230661
0.0402548
0.118101
-0.0501375
0.116495
-0.0496611
-0.121929
-0.0579548
0.0340977
0.0470066
0.0927454
0.0377901
-0.0157765
-0.0221215
0.0918623
0.0273901
-0.00121313
0.0688443
0.119101
0.0791055
-0.0379114
0.0685349
0.00367919
0.0133554
-0.0635317
-0.0192857
-0.0337691
-0.0285529
-0.129434
-0.0209112
-0.0397555
-0.123238
-0.0171376
0.112953
0.0756212
-0.0730358
0.070878
0.00393047
0.0933315
-0.0807132
0.0438282
0.0619261
-0.0200419
0.0219061
-0.0809099
-0.141043
0.176034
0.00111203
-0.05012
0.0525601
0.0678948
0.0629332
0.0507657
0.029612
0.0814643
-0.0668807
0.00481126
0.0371736
0.0236708
-0.0602014
-0.0642555
0.00380058
-0.11937
0.0154678
0.0596375
0.00058558
0.0403282
0.0393067
0.00878395
-0.0357019
-0.0441545
-0.0256336
0.0179266
-0.0743331
-0.000889908
-0.0556099
0.0422506
-0.0973758
0.0468597
0.00710941
0.0696898
-0.0661087
0.135484
0.0827961
-0.104869
0.0117823
-0.0791374
-0.0853962
0.0865857
-0.0556192
0.0425727
-0.0403882
-0.0577108
0.0515067
-0.0739897
-0.0150802
0.0234319
0.0697452
-0.0042466
0.136968
-0.0383654
-0.0172233
0.0343643
0.0529444
0.102514
0.143498
0.00287186
-0.0178345
0.0509819
-0.0974832
0.0601996
0.104151
0.0349468
-0.117263
0.0905632
0.0723218
-0.000695281
0.119312
-0.0347258
-0.0554606
0.0600448
-0.0626921
0.0462441
0.0353077
-0.0665366
0.146782
-0.116816
0.0981919
0.0839346
0.0274932
0.133032
-0.0668158
-0.00343282
0.0499505
-0.0263628
0.114508
0.05764
0.0120772
0.0705194
-0.0556568
0.173449
-0.0398868
0.12845
0.0788136
0.100892
-0.198977
-0.079902
-0.0244762
-0.0552556
0.0759311
-0.0092953
0.076913
0.0593042
0.0185403
0.0913664
-0.0762529
-0.0709469
0.143157
-0.0563257
0.105503
0.102206
0.0733114
0.0820406
-0.0466395
-0.0146078
0.128091
0.118561
0.118397
-0.0328517
0.125637
0.0316773
-0.0528978
0.252384
-0.0820274
-0.0728842
0.0245427
0.0593422
-0.208412
0.0896468
0.0192415
0.0368493
0.105808
-0.0640511
0.058798
0.0701856
0.0892267
0.119475
0.0401007
-0.0799919
0.170099
-0.0632142
0.0147743
0.119403
-0.0843033
0.0494219
0.129519
-0.0820311
0.0674626
0.0480602
0.0011606
0.115982
0.101358
0.0553855
-0.0809164
0.00386821
-0.0194687
-0.00417401
-0.0109499
0.173547
-0.159724
-0.0234726
-0.0517626
0.0331521
0.0767007
-0.0287573
0.020637
0.0382125
0.183931
0.0400719
0.0573821
-0.0367463
0.0233696
-0.0406015
0.0670957
0.0186494
0.0533985
0.0410761
0.158772
-0.0480096
0.0675337
-0.100624
-0.0570906
0.0597138
0.068118
-0.11519
0.00171561
-0.0537912
-0.075635
-0.0612972
0.0921318
0.049196
-0.224251
0.0893816
-0.0711175
-0.0206762
-0.0117006
-0.040658
-0.156703
0.0439223
0.149195
0.0367894
0.0826629
0.104028
0.012081
0.0381188
0.0683616
0.12645
0.117973
-0.0523227
0.15371
0.00841957
0.0735814
0.0287394
-0.031673
-0.0623015
0.0244052
-0.179449
-0.0935356
-0.0254035
0.0180419
-0.141315
-0.0433101
0.013463
-0.148779
0.0185637
-0.0883515
-0.0502488
-0.0997328
0.0208792
-0.151233
0.126704
0.1423
0.107496
0.0257308
0.127409
-0.0212931
0.110747
0.0448356
0.148191
0.0653494
-0.0916151
0.104463
0.00305652
0.145559
0.0680227
-0.0172223
0.0060898
-0.00870339
-0.182252
-0.0342999
-0.12061
-0.0521377
-0.0383398
0.0519285
-0.0398676
-0.0993429
-0.0634173
-0.00839113
0.00686255
-0.131196
0.0531811
-0.17408
0.102227
0.0398335
0.135161
-0.0402042
0.105275
-0.00772609
0.0811029
0.0513515
0.0630658
0.0467088
0.00483078
0.0195609
0.043876
0.0531597
0.0763118
0.00424084
-0.0592237
0.145985
-0.186841
-0.0440643
-0.160442
-0.0664645
0.14744
-0.115481
-0.0459528
-0.0671855
0.0841016
-0.116445
-0.15214
-0.0254573
0.00147861
-0.0630115
0.0627794
0.0706062
0.0850754
0.0427344
-0.0291783
0.0755042
0.00189017
0.119959
-0.0449207
0.121919
0.067148
-0.104473
0.000750386
0.0191397
0.00405406
0.0281294
-0.016942
0.130864
-0.0651221
0.034896
-0.079018
0.0464879
0.0899669
-0.0964398
0.0106871
0.0506499
0.134469
0.0126261
0.0437459
-0.0167394
0.107345
0.0677458
0.101806
0.0242088
-0.139606
0.0746903
0.00741321
0.023753
0.0746063
0.00554843
0.0601412
-0.0446276
0.0655992
-0.119978
0.149617
0.0159355
0.0885755
0.0288782
-0.0618301
0.140248
0.00186457
-0.0420367
-0.0104071
-0.00442599
0.0767128
-0.0359394
0.0377706
-0.0806388
0.0620544
0.117418
-0.0595791
-0.0130575
0.020322
0.00847775
0.000999287
-0.163746
-0.0865079
-0.0537336
-0.0330427
0.0432727
-0.0727483
0.0152285
-0.0120824
0.0600079
0.0275202
0.0817252
0.0563463
-0.0458952
0.0409985
0.0435949
0.0567129
0.0828275
0.0863505
0.0543192
-0.0127734
0.0915579
0.0443335
0.0378963
0.0140587
0.0426561
0.0386377
0.0742557
0.0375327
-0.00155833
0.0680123
0.0115411
0.013626
-0.00625456
-0.016328
0.0453881
0.0367387
-0.0353292
-0.0788522
-0.0468628
0.0722155
-0.0929781
-0.0547917
0.0647152
0.106749
-0.0488543
0.00588449
0.038687
0.00124561
0.0680886
-0.0352668
0.000267209
-0.0440253
0.177642
0.0631265
0.0646983
0.0816583
0.129885
0.0314566
0.00869287
-0.0421892
0.0630259
0.021019
0.0146721
-0.047491
-0.0283522
-0.0625317
-0.099287
-0.0310388
0.0392319
-0.014779
-0.00164966
0.0103442
-0.0301013
-0.0362686
-0.0872398
0.116744
0.0462156
-0.0527384
-0.0427346
-0.0613327
0.0744668
-0.0350961
0.0552079
-0.0483895
-0.00748959
-0.014564
-0.0291975
-0.00138435
-0.029987
-0.0547507
0.0279915
-0.0816597
0.03662
0.0187814
0.0466198
-0.0292789
-0.0296089
-0.00605403
-0.013334
0.0802273
0.00490361
0.0161592
-0.020937
-0.000674879
0.0154423
0.0255049
-0.0515068
0.104101
-0.0338538
-0.0547213
-0.0199896
0.0370178
0.0871985
0.091782
0.0109886
0.0266735
0.102308
-0.0252573
-0.0204535
-0.0431962
0.10486
0.0126312
0.074817
-0.0165431
0.0855218
0.134057
0.079011
-0.0613053
-0.0750526
-0.0469231
0.0142109
-0.0433295
-0.052714
-0.0919158
-0.165204
0.05406
-0.091697
0.0821444
-0.0259419
-0.00527052
-0.0554829
-0.0482878
-0.0533954
-0.024993
0.0081218
-0.00349414
0.0726115
-0.0721043
0.0560349
0.0212752
0.0407874
0.0971004
0.0807394
0.0307872
0.0850247
0.0107001
0.105756
0.0750353
-0.0105465
-0.171831
-0.0789913
-0.0291663
-0.00535698
0.129104
-0.0402008
0.046244
-0.0990269
0.0116362
0.0701627
0.119148
-0.0149355
0.0650002
0.074508
-0.0441918
-0.00517288
-0.0174572
0.00552764
0.149406
-0.0523512
-0.0337856
-0.0252074
0.0343971
0.0573688
0.0406035
0.01354
0.00677871
-0.04358
-0.0133364
0.0967245
0.0550837
0.0223869
-0.0396737
0.0180729
-0.0871221
0.0830463
-0.0528727
0.109374
-0.000945299
-0.0481047
-0.0110356
0.125919
0.0520067
0.189341
0.0121287
0.0929364
-0.0971029
-0.128877
0.0320781
0.0304356
0.0828817
0.117911
-0.0060193
0.0707293
0.0790683
0.0520654
0.0674938
-0.0181897
-0.0227568
0.0170013
-0.036617
-0.0988257
-0.0591716
0.0384784
-0.0437787
0.0216443
-0.107095
0.0723741
0.0106619
0.00951035
-0.0718064
-0.0742411
0.222375
0.0482915
0.00806338
0.10706
-0.0450953
0.114315
-0.0240037
-0.0322423
-0.0497237
0.108425
0.114941
0.0151823
-0.11284
0.0132915
0.0707976
-0.0046868
0.0283931
0.0436641
0.124882
0.0265896
-0.181611
-0.0734666
1.96011e-05
0.0339214
-0.0740481
0.0632002
0.000367785
0.137579
-0.0561253
0.018808
-0.0186845
-0.0275895
0.0448589
0.114502
0.09446
-0.00176192
-0.063024
0.0463158
-0.113751
-0.0612587
0.0614431
0.10168
-0.0459333
0.0258302
0.0222746
0.00948189
0.0366211
-0.0458463
-0.00889168
0.0599747
0.11918
-0.0556478
0.000429423
-0.0734761
0.0699135
-0.0412391
-0.0108371
0.0315935
0.0154115
-0.0097086
-0.0737966
0.0936008
-0.0087049
-0.0428668
0.00471618
0.0394421
0.0243017
-0.071267
-0.0229807
-0.00759058
0.0176932
0.037023
0.0246515
-0.0367568
-0.0708596
0.0266077
0.0421461
0.0631419
-0.0494669
-0.0313744
-0.0427817
0.0190686
0.0623738
-0.0656088
-0.0498879
-0.0160235
-0.00731669
-0.0357382
-0.061158
0.0644395
0.0415794
-0.0147931
-0.0377801
0.0284071
0.00966829
-0.0150947
-0.0682427
-0.0437521
0.00537393
-0.0268672
-0.0773668
-0.0289415
0.00424156
0.0259735
-0.0340561
-0.0395418
0.00486487
0.0234872
-0.0200436
-0.0325687
0.0624748
-0.0653623
-0.0615052
0.0154665
-0.0580738
-0.00843294
-0.0493084
-0.0613549
-0.0502901
0.0651637
0.0429573
0.0674538
0.0262554
0.0280692
-0.0119759
0.0258368
0.0366488
-0.0555002
0.0142249
-0.0371268
0.0604213
-0.0554423
-0.0445239
-0.0519442
-0.105029
-0.0245596
0.0544161
0.0399051
0.0305438
0.0156333
0.0569339
0.000100363
0.0336573
0.0626858
0.0616293
-0.0188402
-0.000469693
0.00317493
0.00314119
0.0890109
0.0351617
-0.00571847
-0.0860014
-0.0729464
0.0140491
-0.0471969
0.0461536
-0.0388754
-0.0792878
-0.0305791
0.0286159
-0.00868318
-0.0532325
-0.00782572
-0.145334
-0.00576886
0.0687512
-0.0763854
0.0678364
0.0509973
0.0207142
-0.0417532
-0.0358687
0.0703464
-0.0638064
-0.071036
0.000530161
0.000799821
0.0890483
-0.0107185
0.0153746
-0.00990843
0.0189408
-0.0595857
-0.0312866
-0.14521
-0.0467335
0.0331316
0.00517474
-0.0811651
-0.0145557
-0.0337343
0.0498338
-0.112279
-0.0257938
-0.0934733
-0.00371702
-0.0336051
-0.119514
-0.0446594
0.0213086
0.0739704
-0.0112411
0.0172256
-0.00322109
0.0566153
-0.00782936
-0.0890066
0.0133182
0.120957
-0.0381505
-0.0555734
0.0663143
-0.14308
0.151393
-0.101396
-0.0871603
-0.0398209
-0.133921
-0.0279059
0.0442457
-0.0296822
0.0564226
-0.156477
0.030935
0.00137428
-0.0493437
-0.0286087
-0.0536477
0.0278113
-0.0705933
-0.0840468
-0.0305248
0.117515
0.0354054
0.0262869
0.0290789
-0.034755
0.0962779
-0.0796571
-0.024976
0.0262526
0.0313588
0.0058637
-0.0503834
-0.0945034
0.0111027
-0.0251639
-0.136902
0.00907352
-0.184552
0.088302
-0.0127847
0.0738298
0.00197408
-0.118286
-0.00247816
0.0243079
0.0339042
0.0162457
0.0760578
0.0212639
-0.229537
-0.0361347
0.0616713
0.0474729
0.0268608
0.0520339
-0.0184323
-0.0351756
-0.0147117
-0.12975
0.0114819
0.156343
-0.0304964
-0.0131418
0.0283879
0.0515821
0.125401
-0.0175499
-0.0507744
-0.0419474
-0.110583
-0.00965638
-0.087394
-0.0228828
-0.0429062
-0.0774174
0.0655795
-0.0223674
0.106825
-0.109313
0.0414315
-0.0447129
0.0308059
-0.174559
0.0404087
0.130718
0.112807
0.0364581
-0.0315032
0.0360681
0.0602511
0.0188795
-0.0242069
0.0235633
0.0209831
-0.03253
0.0217447
0.00152035
0.0183249
2.25911e-05
-0.0368316
0.0622812
-0.0743297
0.0982225
-0.163177
0.0358503
-0.104738
-0.0291041
0.104338
-0.0100987
0.0994393
0.0353598
0.0478685
-0.0658409
0.0533645
-0.0144086
0.0742581
0.0612996
0.0633116
0.0313297
0.0521059
-0.00263914
0.109254
0.0412991
0.0401379
0.144289
0.00120426
-0.0527423
0.0326215
0.0937211
0.0708776
-0.0358439
0.0288452
0.0437956
0.058655
0.0267671
-0.0233461
0.187486
-0.071178
0.0058535
0.0192432
-0.0303965
0.234777
-0.00197486
0.0331725
0.050083
0.0419961
0.0163796
0.0930102
0.0694629
0.0404212
0.0686468
0.054011
0.0254349
-0.0191788
0.0531359
0.100616
-0.0223069
-0.0446347
0.0395353
0.000119262
0.00624682
-0.0841857
-0.00793453
0.0509443
0.10712
-0.0061235
0.001604
-0.0723718
0.134087
-0.058325
-0.0190953
-0.0132687
0.119666
0.0568139
0.138488
-0.0970669
0.00423139
0.0324298
-0.0202572
0.143983
0.0207632
0.0354886
0.0357525
0.188563
-0.0564251
0.123484
0.127137
0.120288
-0.134215
0.0143008
-0.0179954
-0.0146326
0.0428922
-0.0349657
0.00850009
0.00861733
-0.0262637
0.1245
0.0328413
-0.052466
0.139759
-0.0120028
0.00842544
0.0488426
0.0403358
0.0734568
0.134169
-0.0836023
0.00300115
0.0286867
0.0695542
0.11038
0.0310184
0.0301789
0.0054253
0.192062
-0.0827064
-0.0229454
0.0743375
0.160238
-0.107598
0.00508389
0.101526
-0.069055
0.0121083
-0.0724258
-0.0456491
0.109718
0.136204
0.0565733
-0.0583512
-0.0900296
0.166349
-0.0702078
0.0195824
0.07395
0.101562
0.0322684
0.143464
-0.114851
0.0399218
0.096556
-0.0248725
0.0181817
0.0409604
0.031874
-0.0479093
0.0771041
0.0121255
-0.00939164
-0.0215008
0.0871589
-0.164826
0.0394016
-0.129373
0.0174502
0.0969256
0.0121776
-0.0113295
0.106544
-0.00174746
0.138467
0.0659127
0.0896827
0.105966
-0.0262623
-0.00355787
0.0618133
0.0245648
0.0659041
0.0866325
-0.0737191
0.0514465
0.0928403
0.0233466
-0.0418366
0.121876
-0.0441592
0.0385787
-0.0709547
-0.0254524
-0.0237527
-0.00125665
0.127084
-0.120218
0.0137172
-0.131876
-0.0684046
0.103049
-0.147218
-0.138933
0.0807354
0.0843376
0.091424
0.0281311
0.0521185
0.0446025
0.0858422
0.119836
0.106723
0.0484232
0.0109262
0.00746781
-0.0640979
0.161954
-0.0162337
-0.0844149
-0.0881539
0.0306862
-0.154702
-0.0461556
-0.0421609
-0.028316
0.164634
-0.0155473
0.0703351
-0.0486099
0.0425049
-0.00461401
-0.0939437
-0.0643031
-0.148987
-0.0270943
0.0966308
0.105126
0.193353
0.000890115
0.102686
-0.0460046
0.0871954
0.102295
0.049856
0.03331
0.0371547
0.0883419
0.0287748
0.0243648
0.0853317
-0.0220639
-0.0553144
0.141122
-0.0961774
-0.0367624
-0.109676
-0.0413384
0.131689
0.0562008
0.000520931
-0.0368557
0.0189867
0.0474971
-0.0272774
-0.0235937
0.000694729
-0.00812007
0.0425157
-0.068325
0.0882787
-0.0295898
0.0278364
0.00271343
0.0266692
0.0945676
-0.0615997
0.0726179
0.0180513
0.0194529
0.0175084
-0.0215729
0.0914619
-0.0607927
0.036134
0.0157273
-0.042712
-0.0210312
-0.0502587
-0.0367138
0.0147235
-0.103616
0.0813913
-0.04821
0.0502227
0.0235337
0.0258822
0.0601196
0.0222604
-0.0435309
0.0423544
0.03495
0.0162851
0.0423066
-0.00536206
0.00333459
-0.0151461
-0.0315667
0.0390839
0.0177208
-0.0486729
-0.0233999
0.0509279
0.0490543
0.0688204
-0.100868
0.0223032
0.0753364
0.0592702
-0.0279331
-0.01843
0.0325072
0.0380326
-0.0437842
0.0862107
0.0327909
0.0839312
0.0141758
-0.054079
0.034996
0.0935634
-0.0512936
0.0644763
-0.0276592
-0.0798261
-0.0342716
-0.0392898
0.114117
-0.115758
-0.0450558
0.158124
0.0147104
-0.0248613
-0.0756098
0.0902441
-0.0380605
-0.0021413
0.130863
0.0516192
0.141056
-0.00125831
0.0955143
0.0159633
0.114187
0.0748129
-0.0633804
0.0650184
0.0934915
0.102254
0.0322581
0.0456057
-0.00682466
0.130626
0.0236982
-0.0875797
-0.0211451
-0.114877
-0.0382603
-0.0391392
0.052886
-0.070737
0.0307724
0.0683267
0.0310549
0.0687987
-3.6719e-05
0.049908
0.0202555
0.0333609
0.0207841
-0.11893
0.00194569
0.0259616
0.0434313
0.00143374
0.200477
0.0666125
-0.115027
0.0809818
0.00961661
0.0155411
-0.0463065
0.0310721
0.0170735
-0.00701777
0.0243851
-0.0884382
-0.0230106
-0.0296068
-0.0263745
0.0134703
0.0768647
8.79332e-05
-0.103564
0.0583734
-0.115218
-0.0112322
0.0407664
-0.0179587
-0.100965
0.0199576
-0.0381189
0.00902793
0.0856762
0.0119116
-0.0442609
-0.0883844
0.026434
0.0123062
0.0114499
-0.00124792
0.121491
-0.0148846
-0.0162571
0.0340296
0.0562447
0.170457
0.00436165
-0.126839
0.00920541
-0.0207069
0.0350298
0.134507
0.0163321
0.035125
-0.0315842
0.0646316
-0.102984
-0.0226653
0.0303603
-0.0318358
-0.0866841
0.0351893
-0.0302728
-0.00651349
0.0849888
0.0353032
-0.0738117
0.0639196
0.0154505
0.0233612
-0.0791413
0.126079
0.0174374
0.0664502
-0.0228461
0.0187195
0.0536564
-0.0108678
-0.0452989
-0.115421
-0.067292
-0.0551432
0.060685
0.05296
-0.0100316
0.0666477
-0.15464
-0.0481316
-0.0482919
0.0885861
0.0223137
0.0600229
-0.108452
0.120318
-0.0306958
-0.0246425
0.100986
0.000692726
-0.0552845
-0.0726475
0.0781013
-0.00928468
0.090505
0.122543
0.11631
-0.028877
-0.0735706
-0.0770038
0.111177
0.111522
-0.0244205
-0.155997
-0.0128325
-0.0416551
0.0634915
0.0807937
0.087879
0.00555035
-0.00189755
0.0921307
0.0383585
0.0470424
0.0591421
-0.0192319
0.0291702
0.0752458
-0.0790287
0.00112823
0.0377744
0.0414864
0.0350214
-0.0118076
0.0223695
-0.01287
0.0445652
0.0198656
0.101233
-0.00167838
-0.112017
0.0917587
0.0962484
-0.00743142
-0.0581367
-0.135603
-0.0152376
-0.045405
-0.0167016
-0.00745672
-0.00996979
-0.043261
-0.0662505
0.114684
0.0391784
0.117483
0.0533865
0.00759395
0.0282009
-0.110042
-0.0302424
-0.0110137
0.0788615
-0.0543338
0.0289321
-0.0243347
-0.0395084
-0.0332443
-0.0673145
0.0341819
0.0221122
-0.0581203
-0.0297063
-0.0307261
0.00686247
-0.0374586
-0.0218972
-0.0485025
0.0810319
-0.0946628
0.152238
0.0957062
0.0777402
-0.0579095
-0.117451
0.0968494
0.158578
0.110035
0.0541415
-0.0276529
0.0796674
-0.0396033
-0.0627994
0.099223
0.0677631
0.0444668
0.115015
-0.0736035
0.054038
-0.0978832
-0.0712677
0.0227449
0.0114759
-0.0105328
-0.0437151
-0.0230395
0.0538214
0.0169481
0.0224213
-0.112242
0.211381
-0.0684462
0.170045
0.00103441
0.0385939
-0.0948003
-0.172952
0.0978206
0.135505
0.0673434
0.0864285
-0.10205
0.158703
-0.121568
-0.0315888
-0.00646219
0.112127
0.0642481
0.0478879
-0.0248328
-0.0396534
0.0432819
-0.107764
0.0235791
0.0577235
-0.0173523
0.00718918
-0.104534
-0.107302
0.0407738
-0.037319
0.0651813
-0.0314533
-0.055933
0.00327435
-0.0354306
0.0187275
-0.0208993
-0.0200136
0.151612
0.0294201
0.0884101
-0.0462015
-0.0177436
0.0494827
-0.0518943
-0.00491498
-0.0330138
0.00509772
-0.00961805
-0.0252588
-0.0574832
-0.0045541
0.0340304
0.0209165
-0.0444157
-0.0270645
-0.0376465
0.0413663
0.0028496
-0.00645352
0.0690738
0.0183549
0.0100499
-0.0211049
-0.0695087
0.00613161
-0.00326534
-0.0172962
0.0669245
0.029532
0.0308759
-0.0157101
0.0278992
0.0547141
0.0190906
0.0883451
0.0121373
0.038211
0.00855414
-0.0323617
-0.00620872
0.0201501
-0.00266778
-0.00591304
-0.0314452
-0.0654254
-0.0553583
0.0058498
-0.101422
0.0851181
0.029785
0.0321844
0.0139208
-0.0150641
-0.0636409
0.0544375
-0.0219744
-0.0365202
0.0658095
-0.0309493
0.0300441
-0.0151428
0.0360962
-0.105863
0.0282038
-0.02654
0.0270568
-0.0782929
-0.0549951
-0.0960431
0.0210068
0.0188914
0.00278768
-0.078154
0.0217387
0.0394756
-0.00735299
0.0192106
0.0731222
-0.0460038
0.0660401
0.0925007
0.0547256
-0.0135136
-0.0374645
-0.0169768
-0.00224185
0.0844359
-0.0320204
-0.0139242
-0.0113269
-0.0286076
-0.021472
-0.0193182
-0.00200814
-0.0365095
-0.0455178
0.0277422
0.0198293
0.0242281
0.0349402
-0.0179538
0.00945649
-0.0284762
-0.00699527
-0.0938962
0.00491976
-0.0365041
0.0937244
0.00203411
-0.00465009
-0.00708656
0.0803254
0.0645693
-0.0517114
-0.0104318
0.022862
0.0556519
-0.0181619
-0.0727829
0.0672954
-0.00929013
0.0297365
-0.059647
0.0217326
0.020975
0.0127954
-0.0906265
0.0348823
0.0495607
0.0093799
0.0387826
0.0175062
-0.0426969
0.0951272
-0.0901108
0.0194261
0.018098
-0.0333594
-0.0248068
0.0809238
-0.0478073
0.0119606
-0.0250627
0.0532692
0.0694925
0.0658115
0.0262759
-0.0264535
-0.0281729
-0.07838
-0.122932
-0.0760018
-0.0113507
0.0905674
-0.0168753
0.105946
-0.061535
-0.051901
-0.0672733
-0.0241669
0.0200396
-0.0420256
-0.00733848
-0.037602
0.0361633
-0.0777879
-0.0658421
-0.0170066
-0.0773764
0.00740322
-0.0168818
-0.0363553
-0.0792811
0.00226566
0.0646065
0.0479195
0.0601876
0.0120024
0.0209879
0.0782528
0.0278348
-0.147374
0.00475064
-0.156883
0.148939
0.0141942
-0.0366412
0.14819
-0.0816519
0.0283324
0.0350076
0.012013
-0.0985983
0.0613768
-0.0043486
-0.0990903
-0.0149146
-0.0878276
0.0519829
-0.0236641
-0.0221765
-0.032533
0.0634089
0.0752208
0.00248042
0.15116
0.0987401
0.102212
-0.0216058
0.0498662
0.0479072
0.130117
0.107546
-0.125461
-0.0444502
-0.113671
0.120634
0.0364983
0.0242674
0.0595225
-0.105578
-0.022434
0.0482239
0.0153771
-0.0850029
0.0396023
-0.121706
0.0153866
-0.0321451
0.111167
0.122239
0.0453508
-0.0565699
0.0196994
0.0550684
0.0102474
0.0669362
0.043704
0.0946444
-0.0193265
0.0074109
0.0405038
0.0613196
0.0725113
-0.00568042
-0.0774857
-0.0239505
-0.152596
0.0675972
0.038744
0.0579883
-0.0105169
-0.100851
-0.0112887
0.00652469
0.113931
-0.184106
0.033348
0.0462307
-0.0481056
-0.0291012
0.058312
0.0746038
0.0368249
0.0832971
-0.039285
0.00244117
0.0971649
0.0726816
-0.0213175
0.0827351
-0.00643847
-0.0862514
0.103323
-0.00181432
-0.0246198
0.00924843
-0.0360741
0.0926471
-0.118588
0.0993399
-0.0563226
0.00669071
0.0881428
-0.0873412
0.021689
-0.00547329
0.0849505
0.0145029
0.174153
-0.0658448
-0.0321181
-0.135062
0.07559
0.00107733
0.0429529
0.00575939
0.106706
0.00986147
0.0388619
0.0363845
0.0318916
0.0184604
0.0263992
-0.066131
0.161655
0.141933
0.057961
0.038923
-0.104621
-0.022774
-0.0215013
0.0874376
0.087548
0.137352
-0.0482156
-0.0415393
0.0477254
0.0162282
-0.00170106
0.0584152
-0.0405052
0.141235
-0.0430934
-0.0338077
0.122281
0.0838856
0.115653
0.0447078
-0.0145336
0.0277853
0.0187698
-0.0101384
0.0361951
-0.0613365
-0.0108898
0.00433397
0.0416678
0.0491907
0.0774556
0.0554072
-0.167572
-0.00415842
-0.0285104
0.0360302
0.0627399
0.0849766
-0.047581
-0.03436
0.0693764
0.0349462
0.15037
0.0338634
0.00918942
-0.0516193
-0.0627866
-0.0883762
0.106494
0.0271032
0.0741891
0.159811
0.150547
0.0118394
0.00644288
0.0262053
0.0824254
0.0467592
0.0167789
0.0438659
0.0942915
0.0784143
0.00586982
-0.00102894
-0.0368979
0.0501273
0.0337288
0.0105815
-0.0379694
0.0780702
-0.0759759
-0.0416669
0.0065113
-0.009263
0.0951984
0.0784131
-0.0845587
0.0593723
0.0708708
-0.137598
0.0577907
-0.0193779
-0.00723333
0.0903656
0.130056
-0.0685385
0.0373926
0.0401481
0.0665278
-0.056046
-0.0907294
-0.0538495
-0.0345176
0.151476
-0.114637
-0.0507115
-0.0351464
-0.0414465
-0.0252268
0.00608602
0.00821362
0.153123
-0.0611796
0.029516
0.0587953
0.0298769
0.054282
0.113892
-0.047671
0.0640566
0.0650145
-0.126436
0.0401116
0.0456581
0.0885506
0.0281953
0.00656938
0.0699781
-0.0753304
-0.0943499
0.0420358
-0.127932
-0.074415
-0.0573981
0.059244
0.0938128
-0.0746372
-0.0147945
-0.0566204
0.045448
0.0352109
0.0669911
-0.079795
0.0789065
-0.00951722
-0.00608536
0.132347
0.050147
0.0644899
0.0321284
0.00798556
0.0662076
0.112545
0.00181116
-0.116311
0.0597752
0.0430027
0.0676818
0.0862746
-0.00663499
-0.040425
0.0251795
0.115658
-0.10611
-0.108043
-0.0493296
-0.122462
0.0710074
-0.129374
-0.0486831
-0.0643201
0.082165
0.0643201
-0.0205025
0.0479609
0.090985
0.0591379
0.141021
0.0918767
0.0910971
-0.0291436
0.102522
0.10394
0.0957959
0.0251467
-0.130096
0.00696164
0.0221772
0.0542671
0.174372
0.00378464
0.069567
0.0619543
-0.0250081
0.0212361
0.0147424
0.04152
0.0615272
-0.0246777
0.0354606
-0.0699877
-0.00931871
-0.0181704
0.0442649
0.119341
-0.03711
0.0790812
0.024718
0.0394911
0.139973
0.145951
0.0696795
0.00614525
0.0117752
0.0221215
-0.0407329
-0.0286856
-0.0405412
-0.0603517
0.128369
0.058716
0.0551768
-0.0730888
0.0476259
0.0520901
0.0536887
0.0343757
0.0142554
0.0241448
0.0790801
-0.029603
0.0458728
-0.0343699
-0.0982887
0.0462749
-0.0335166
-0.00844619
-0.0252009
0.0196596
-0.0205668
0.026205
0.0144142
-0.00365809
-0.00280873
0.00935716
0.0435577
0.077607
0.0170299
0.0775531
-0.06644
0.0153804
-0.0379395
0.0283926
0.101339
-0.0346476
0.0389624
-0.00386119
-0.0135274
0.0512708
0.0820489
0.0314573
0.0384342
-0.00325786
0.00248835
0.0472607
0.0884417
-0.0229937
0.0316408
0.00612787
0.0375155
0.0297545
-0.0846856
-0.00878103
0.0405203
0.0238188
0.00126042
0.0248673
0.100509
0.0406206
0.0341239
0.0499
-0.0307777
0.0118376
0.0399665
-0.0163052
0.057294
0.0114552
0.102192
0.0682261
-0.0849348
0.159163
-0.0113425
0.000321815
0.00753673
-0.03326
0.0752744
0.0696297
0.0643448
0.00990265
-0.00218774
-0.0985391
0.00975139
0.0151829
0.00711206
0.0586679
-0.0368595
0.0897156
-0.0152325
-0.0436949
0.139267
-0.0129755
-0.045197
0.0543838
0.0271909
-0.0468843
0.088784
0.148862
0.00660888
0.0653991
0.0872349
-0.0419827
-0.082429
0.139048
0.0248654
0.0032992
-0.0793751
0.0224151
0.173501
0.118639
-0.028109
0.013653
-0.0352474
-0.0211668
0.0191981
0.0343218
-0.0288555
0.0507237
-0.150572
0.0519033
-0.0173713
0.00820468
0.0426402
0.0440389
-0.0785551
0.0485887
0.0668251
0.0263547
-0.0290281
-0.0422282
0.0281479
0.00357497
0.102439
-0.039985
0.0164053
0.0265914
0.0874365
0.0345986
0.0447483
0.0707853
0.0993403
0.107796
0.0559406
-0.0496171
-0.0312443
-0.0373035
0.00191414
0.0272577
0.0274523
-0.0104292
-0.00437816
0.017876
-0.0323145
0.050151
0.0578695
0.0951341
0.0325561
0.0806728
-0.003632
0.0612569
0.00937634
0.0123057
0.0550888
0.0482085
0.113692
-0.0696192
0.0423467
0.0123352
0.0804496
0.0229526
-0.0738273
0.0373526
0.00956278
0.100154
0.0403075
-0.022595
0.037195
-0.0024788
0.0302172
0.0266466
0.0807243
-0.0238756
-0.153146
0.0434929
-0.0125491
-0.0236892
-0.0136259
-0.0676541
-0.00489164
-0.0447097
-0.0740194
-0.0130986
0.080245
0.117011
0.0515583
-0.0295575
0.0658943
-0.0547149
0.0377687
0.00429238
0.0355975
0.020179
-0.0748907
0.0318294
0.0604084
-0.0372873
0.0557567
-0.0395457
-0.125656
-0.136482
0.0562874
-0.0175602
0.0270122
-0.00470995
-0.0425179
0.0940623
0.00867519
0.0665341
0.00256527
-0.0557966
0.0566234
-0.0024873
-0.0133759
-0.0287625
-0.004845
-0.0173274
-0.0226887
0.047568
0.0736932
0.0165388
-0.0398767
0.00213667
-0.0391438
-0.0792468
-0.115855
0.0345756
0.0119555
0.0373232
0.169164
-0.0913429
0.0783982
-0.145105
0.084082
0.0269976
0.148409
-0.0365619
-0.0396999
-0.0326562
0.0917751
0.06759
0.0348485
0.037137
0.0175563
-0.0160119
-0.00795139
0.0615408
-0.00388308
0.0974063
-0.0863528
-0.0222685
0.00433323
-0.0993741
0.0299998
0.162717
0.110107
0.00414395
-0.111117
0.0184717
0.0069903
0.0482145
0.137496
-0.0676836
0.0568516
-0.0575482
0.138327
-0.0813471
0.0990162
-0.0286611
-0.0968833
0.0167706
-0.0232143
0.00293733
0.0255768
0.0453831
0.0650138
-0.109518
-0.148495
0.0312246
-0.00128392
0.00206814
0.0894142
-0.00883383
0.0462455
0.0453484
0.0612777
0.0668389
0.139122
0.0400595
-0.0641148
-0.0472646
-0.0478628
-0.0280813
-0.0310057
-0.0532968
0.0626558
-0.0152076
0.0845249
-0.0903851
-0.00452068
0.0130108
-0.0864768
0.0426246
0.0498507
0.135104
0.01176
-0.0298573
0.034469
0.0480613
-0.0920695
0.0651175
0.186321
0.171629
0.0429092
0.00264854
-0.0538325
-0.0566995
-0.123048
-0.012666
-0.0601227
0.00134616
-0.0167822
-0.0398774
-0.0183957
-0.0371641
-0.0272389
-0.0163131
0.0141152
-0.0564125
0.0332171
0.0227985
0.0319277
-0.00358274
-0.127569
0.187648
0.10648
0.150383
0.104685
0.0174718
0.0523109
-0.0799287
-0.0431237
0.0432464
0.0689938
0.114196
-0.101489
-0.0107683
0.0420709
-0.0461207
-0.0421447
-0.0856113
0.133714
0.021947
-0.0220327
-0.0927318
-0.108046
-0.0651996
0.0302286
-0.0351433
0.0475899
0.00433964
-0.0282143
-0.0147889
0.0574433
0.0704587
-0.0876019
0.110439
-0.0466862
-0.00421505
-0.0323264
-0.0603691
0.0592561
-0.154207
-0.012856
0.0230112
0.0362011
-0.0010361
-0.0659388
-0.0476279
-0.0446838
0.0756241
0.000324912
0.0197016
-0.0449939
-0.0732093
0.0169248
0.0228485
-0.0197743
0.0390027
-0.0199872
-0.0268136
-0.0225391
0.0755123
0.006834
0.0183262
-0.0201229
-0.0432258
-0.0522963
0.0424566
0.092573
-0.0685133
-0.00623407
-0.0141942
0.057481
0.011624
0.0369995
0.0541213
-0.0452435
0.0539324
-0.00154625
0.00742106
-0.024588
-0.0450842
0.000367892
0.026487
-0.0868597
-0.0122978
-0.0735471
0.0387502
-0.0564869
-0.0827366
-0.0274702
-0.0160381
0.0643883
0.0350709
0.0607354
0.0240502
0.0163956
-0.0507161
-0.0126252
0.0361632
-0.0729627
-0.0388985
0.0218516
0.0084202
-0.0646989
-0.00471677
-0.0269675
0.00417887
-0.0493501
-0.0153988
-0.00569767
-0.0398811
0.0119829
0.0196185
-0.0376564
0.0153225
-0.010354
-0.0883329
0.000174933
0.0144774
-0.0298942
-0.0398412
-0.0532538
-0.00928409
-0.035323
0.026584
-0.043558
0.0222952
-0.0806551
-0.0334027
0.0374001
0.0179476
-0.0325066
0.0031149
-0.0170967
0.00359904
-0.084116
-0.00638051
0.0203567
-0.00713848
-0.0181229
0.0449895
-0.0459705
0.0240442
-0.0230484
-0.00206101
0.00776452
0.0554778
-0.0304808
0.0446104
-0.00378912
0.0519533
0.00212512
0.0493474
0.0387232
0.0175413
-0.0458668
-0.00723526
0.0382582
0.0752014
-0.0530097
-0.0138904
-0.148896
-0.0113056
-0.0270177
-0.0136368
-0.0407505
-0.0106139
-0.0384925
0.0297552
0.00509983
0.0534562
0.0984589
0.00100763
0.0054941
0.0478773
0.0216356
-0.000676497
-0.0453183
0.0472225
-0.0158164
0.0353837
-0.00657354
0.0792044
0.0541297
0.0279337
0.0556397
-0.031717
-0.0336636
-0.157046
0.0880032
-0.000327393
-0.0323941
0.0955919
-0.0817728
-0.12887
-0.0781886
-0.0596829
0.027919
-0.0692194
0.00309978
-0.0289271
0.00232197
-0.126541
-0.00300822
-0.00581679
-0.0174597
-0.0739223
0.0613856
0.026094
-0.0139059
0.063447
0.056165
0.06768
-0.048978
0.0605573
-0.0947667
0.0196367
-0.105658
-0.103773
-0.164017
-0.143771
0.0739386
0.125526
-0.032295
0.0168145
-0.175187
0.00371227
0.0166541
0.0117161
0.0239561
0.0343798
0.0750576
-0.100843
0.000213118
-0.0689859
0.100845
0.0794506
-0.0412019
-0.0662481
0.0217205
0.0544955
-0.0564839
0.0455025
0.0814197
0.0893775
-0.0584194
-0.0153359
0.0107498
0.0996212
0.161451
-0.0836705
-0.0478351
-0.146382
0.113039
0.00760593
0.0650677
-0.0189231
-0.0444026
-0.0492514
0.00533355
0.0797202
-0.14231
-0.0404126
0.00213617
-0.0166924
-0.0191017
-0.0206545
0.118645
0.0320889
0.014712
-0.0775457
-0.0222618
0.0306393
-0.0478492
0.119331
0.165128
0.12845
0.0712729
-0.000258107
0.0330769
-0.0429894
0.102688
-0.186424
0.0521367
-0.133122
0.0574865
0.0530723
0.0136488
0.0313579
-0.0667023
-0.0239744
-0.0469986
0.144942
-0.000931024
-0.0618627
0.040115
-0.0136066
0.00630215
0.0626063
0.0260572
-0.0644898
0.0954106
-0.0272259
0.0180458
0.0744886
0.083841
0.0999888
0.12178
0.0661435
-0.0428028
0.0546
-0.0235978
0.0380876
-0.0509135
0.00126534
0.0150678
0.0369237
0.165158
-0.0338393
0.00415342
-0.0188112
-0.138313
0.0394947
-0.0686601
0.0598128
-0.0135178
0.043637
0.0602706
-0.0489162
-0.119066
0.0373155
0.0679992
0.0650063
0.192728
0.106873
0.111261
0.0604466
0.0123838
0.0534176
0.125991
-0.0467648
-0.114064
0.0573453
0.0565322
0.0402783
-0.00725997
-0.0978197
0.0364442
-0.109958
0.0968742
-0.0295362
0.14302
0.0964259
-0.0273661
0.0221363
0.0555185
0.0409643
-0.00822596
-0.0486955
0.0318167
0.0489639
-0.11114
0.0152695
-0.0526025
0.0427977
0.189654
0.0526702
0.0888082
-0.0227043
0.0753056
0.0313428
0.0677602
0.00796872
-0.0510781
-0.039578
0.00120795
0.00394537
-0.0147209
-0.141326
0.0793889
-0.109075
0.0630958
-0.0516542
0.124807
0.0381697
-0.0787832
0.0697639
0.108249
-0.0301643
0.0554261
0.00925105
0.0338129
0.0883612
-0.0580985
0.02552
0.00593649
0.0743663
0.0933708
0.0829912
0.106502
0.0269138
-0.00607927
0.0496699
0.0671316
-0.0721267
-0.0457124
0.133095
0.096294
-0.00256583
0.0208673
0.0045232
-0.0647856
-0.00280502
0.0319809
0.0280728
0.203557
-0.0498
-0.023204
0.0689608
0.00680493
0.0646379
0.220175
0.00329181
0.0851468
0.108195
-0.0792522
0.00969124
-0.0214665
0.111617
0.162023
0.0200341
0.148276
0.020541
0.0279665
0.182293
0.0953627
-0.00655489
-0.0669773
0.0874501
0.0196561
-0.0244011
0.0289189
-0.0214576
-0.13384
-0.0288927
-0.0300971
0.0332808
0.0359434
0.046702
-0.0283633
0.134562
0.0445967
0.203003
0.124697
0.067361
0.069988
0.077032
-0.00286819
0.00965735
-0.107077
0.12717
0.101575
-0.019401
0.0610547
-0.0781156
0.00866115
0.00161272
0.0287898
-0.0252808
-0.00987804
0.00947447
0.127879
-0.0468158
-0.047571
-0.0759696
-0.0165359
0.0893984
0.062344
-0.0389601
-0.0418973
-0.0229421
-0.0169479
0.0674131
0.024271
0.0666554
0.0248172
0.125965
0.0416373
0.0904783
-0.00747985
-0.0885788
0.00917771
0.0918771
0.0660097
0.062206
0.0736277
-0.0711771
0.0440385
0.124419
0.00214972
-0.0577816
0.0611422
0.0547643
0.112379
-0.0460212
-0.0421342
-0.0130498
0.0234189
-0.0417386
-0.00080796
0.0184969
0.0771337
0.0179362
0.0463369
0.0601312
0.0153951
0.06465
0.049035
0.0240286
0.0566271
0.0686372
-0.00771131
-0.0480243
-0.00517186
0.0526525
0.0943739
-0.0194088
0.09464
-0.0487506
-0.0783563
0.0373113
-0.0428317
-0.0221425
0.0461921
-0.0667212
0.0898751
-0.0128797
0.0248945
0.037745
0.065302
-0.011226
-0.0472912
0.0450077
0.0373375
-0.0879171
0.0430169
0.0786306
0.0136958
-0.0647548
0.0456324
0.0243449
0.104788
0.0600842
-0.106592
-0.0214384
0.0341396
0.0362649
0.0132341
0.088879
0.118457
-0.0241125
-0.0438271
0.0858288
0.0260989
0.0506504
0.0442806
0.0303384
0.0691184
-0.00859606
0.0794976
-0.0115185
-0.0214559
0.0533812
-0.0525097
0.0052249
-0.0155474
0.0570348
0.0831322
0.0543882
0.00349986
-0.157943
0.0120871
0.033474
-0.0200176
0.138518
-0.0601205
-0.0246773
0.0331641
0.0443978
0.0282583
0.0117724
0.0690662
0.0774061
-0.0171258
0.103797
0.00490551
-0.00386798
-0.0232013
-0.0430732
0.0670356
0.0812186
-0.0115679
-0.0755468
0.00208371
-0.045837
-0.119668
-0.0185633
0.0640051
-0.0397099
0.0196841
0.0979384
0.0659376
0.0627203
0.0211404
0.0830592
-0.0488379
0.0496692
-0.0390081
0.0147276
-0.0140363
0.0480224
0.0394856
-0.0367621
0.0294873
0.013438
-0.0652895
0.10924
-0.0212698
0.00641163
0.00619721
-0.0352652
0.0827335
0.0447618
0.0410993
-0.0103075
0.0200371
0.0341982
0.0242023
0.0476732
0.0726268
0.0587165
0.0594856
0.0528526
-0.0306827
0.0377432
0.131848
0.0148769
-0.0367152
-0.0207253
0.067556
-0.0559398
0.0426141
0.0838759
0.0579022
-0.0250822
0.124862
0.0499681
-0.0118791
0.0637604
0.116569
-0.0265704
-0.0570729
-0.00536559
-0.00536119
0.0298281
0.102188
-0.0765052
0.0762959
-0.138447
0.0196968
0.134661
0.143257
0.00513016
-0.0693633
0.119628
0.0356246
-0.068337
0.0584731
0.0995117
-0.0280538
-0.0189358
-0.0669874
0.010278
0.0199534
-0.0331032
-0.0670895
-0.0369416
0.00211141
-0.0451306
0.0251974
0.19583
0.105617
-0.0798248
-0.0167604
-0.0506561
0.0261507
0.139479
0.0183225
-0.0316456
0.031839
-0.0635737
-0.0513972
-0.0312082
0.101775
0.101969
-0.0768807
0.0754198
0.130843
-0.0624483
0.0525357
0.0791631
-0.0791289
0.0767331
0.035126
0.00509793
0.0183575
-0.0390839
-0.0193334
-0.00406992
-0.0165427
-0.157282
-0.00189942
0.135831
0.00931405
-0.01008
-0.0779236
0.0193612
0.0598528
0.0246406
-0.0381693
-0.0565342
0.09685
-0.119713
-0.018607
0.069793
0.106779
-0.0308581
-0.0119829
0.0230789
-0.0729492
-0.0176966
0.0554689
-0.00161707
0.0276966
-0.0516778
-0.00863999
0.0421127
0.0868071
-0.0361938
-0.00343275
-0.0281319
0.0140449
-0.0224238
-0.0278116
0.0553972
0.124429
-0.00124547
-0.0890644
-0.00118574
0.0186963
0.0887111
-0.029174
-0.066566
0.0490564
-0.145017
0.0123009
0.0453729
0.0234128
-0.0756354
-0.0269087
0.111472
0.0853223
0.00740283
0.0192881
-0.00245917
-0.0333338
-0.0197904
-0.0690445
0.0932371
0.11724
-0.0223965
-0.00818295
-0.0759244
-0.040352
0.00418995
-0.0677705
0.0517366
0.0718605
-0.0338268
-0.126316
0.0701929
0.117671
0.0489576
0.0302101
-0.0257382
0.13449
-0.102811
0.140029
0.0111291
0.00353487
0.0850865
-0.0624447
-0.043762
0.135814
0.0722131
-0.0291352
-0.0568962
0.0473852
0.0720368
-0.119287
0.0523993
-0.0199946
0.0887791
0.00941784
-0.0834974
-0.0846934
-0.0691606
0.0269672
0.0994143
0.00674998
-0.00603939
-0.0715892
0.0856257
-0.0147823
0.0736657
0.166733
-0.167052
0.116782
-0.10877
0.0873235
-0.0783578
0.0397606
-0.0170715
-0.0883463
0.0969731
0.0334328
0.126067
0.00126117
0.001338
0.0366848
-0.0937134
-0.0953781
-0.0144434
0.0676097
0.0064868
0.0197936
0.0274229
0.0425439
-0.0475131
0.0106704
-0.0789747
-0.0467114
-0.0574386
-0.0829533
0.0673429
0.0260061
-0.0167828
0.0179451
0.0108346
0.056034
-0.0103656
0.0419159
0.0056876
0.0443181
-0.0190699
0.019325
0.0779453
0.0323338
0.0624106
-0.0264468
0.0613858
0.0285378
-0.102108
-0.0153225
-0.00478975
0.172289
0.03319
-0.0331141
-0.106984
-0.0734709
0.0176071
-0.0515443
-0.128631
0.086851
0.0375443
-0.0157894
-0.0856341
-0.138255
0.0267196
0.0848529
-0.0100811
-0.070669
-0.0800528
0.0406843
-0.0201103
0.0393257
0.0127789
-0.0329505
0.0752784
0.0116313
0.04665
0.0396746
0.0640449
0.120541
0.0182052
-0.0800373
-0.0373274
0.103575
0.03516
-0.0113507
-0.00885556
-0.0195372
0.0477133
-0.00442018
-0.025868
-0.0220585
-0.00229299
0.0499436
0.0344433
-0.108119
0.0460718
0.0107854
0.00974826
0.00550138
0.0437732
-0.0425941
0.0434346
-0.0312191
-0.0418449
0.0300903
0.0404759
0.0482809
0.0230406
-0.000676786
-0.0421915
-0.00554972
0.00399073
0.0315719
0.09332
0.0528702
0.0996961
0.0416388
0.0154019
-0.00593038
0.0589317
-0.00583607
0.0909848
-0.0126347
0.0651083
0.0155699
-0.0676691
0.0825441
-0.00353633
0.0307202
-0.0210806
0.0330305
0.0388467
0.0266091
0.0136923
-0.0491835
-0.132728
-0.0623038
0.0322663
-0.0276362
0.0195211
-0.0293745
-0.0475545
0.0774611
0.00878464
-0.0149837
-0.0471244
-0.0510111
-0.0564521
0.0518471
0.116271
-0.0609206
0.00477164
-0.0593664
-0.0288314
-0.019811
-0.0319709
0.0120448
0.0600642
0.0142857
0.053145
0.0101148
0.000834018
-0.00797147
0.056285
0.0430504
-0.0118353
0.0329136
0.0907556
-0.00718445
-0.0104298
-0.00367675
0.0242646
0.0158888
0.0195492
-0.0603129
-0.00595099
0.0112788
0.0297092
-0.0611684
0.0389124
-0.0911664
-0.0264369
-0.0727541
0.00343627
-0.0369737
0.00753525
-0.0330721
-0.0879676
0.0237813
-0.00565461
-0.010259
-0.0174686
0.0521628
0.0561884
0.00558411
0.0439676
-0.0127172
0.0164953
-0.024912
0.00247077
-0.072635
-0.0214
0.0148057
0.0470991
0.00300088
-0.0315452
0.0545483
-0.0623609
0.016439
-0.00998956
0.0233
-0.0367217
-0.0151788
-0.00253805
-0.0166282
0.0231489
0.024536
-0.0516524
0.0558644
-0.140543
-0.0453248
-0.12143
0.0367238
-0.0123522
-0.0322764
-0.0216525
-0.0954388
-0.0673952
-0.0103562
-0.0548938
0.0579508
0.0919965
-0.0181238
-0.0395049
-0.119631
-0.0282894
0.00780364
-0.0481384
0.0214914
-0.0554645
-0.0579369
-0.00605376
0.162585
-0.0997478
0.0442628
0.00720798
-0.0710876
-0.0532278
0.0966354
-0.0422733
-0.0358181
0.0601854
0.0113276
-0.0113748
0.0740195
-0.0122058
0.0881484
-0.0804811
-0.0886502
-0.0437991
-0.0137425
0.0313973
-0.0662408
-0.0145939
-0.0647285
-0.0115434
-0.0736859
-0.102714
-0.00145097
-0.0208221
-0.0121468
-0.0536057
-0.00468673
-0.065822
0.0307298
-0.000513027
0.0130017
0.0212145
0.0697445
0.0405748
-0.015779
0.0136776
0.13041
0.119899
-0.0253169
-0.000306979
0.0442384
0.0882191
0.0378162
-0.0326798
-0.0184829
-0.0866332
0.0690531
0.14474
0.0150414
0.0454876
-0.0381163
0.0496447
-0.0429046
-0.0247332
-0.065504
0.0495542
0.0354131
-0.0501031
-0.07582
-0.013132
0.0589675
0.0646128
-0.0733459
-0.0335261
0.0731057
0.0163141
-0.0367481
0.0596989
0.165634
-0.0543103
0.0671341
-0.0553547
0.0199878
0.0357738
-0.0532627
-0.0289556
0.0241116
-0.0727673
0.0880821
0.0549988
-1.60032e-05
0.0554706
-0.131619
0.0360671
-0.027552
-0.0317331
-0.087403
-0.047089
-0.120214
-0.128912
-0.0907681
0.0155308
-0.00969417
0.000134305
0.028797
0.0192443
-0.100642
0.0351217
0.0861963
0.0679694
0.188075
-0.00340807
-0.129509
-0.00114629
-0.101792
0.0688774
0.0182054
-0.0253712
0.0522701
-0.0685191
0.0421723
0.112034
0.00277476
0.119867
-0.119325
0.0497039
0.0816322
0.117773
-0.0407
0.00602803
-0.0197856
-0.180499
-0.091509
0.0962104
0.0607913
-0.0438931
0.0433564
0.0174623
0.0228115
0.0177347
0.0872422
-0.0708623
0.055336
0.0417857
-0.0738041
0.0862865
-0.0022519
-0.0353886
0.1305
-0.143486
0.0291838
-0.0189442
0.120694
0.01882
-0.0361713
0.115266
-0.136266
-0.0532879
0.0112079
0.0257974
-0.0407635
-0.0465179
-0.00291915
-0.0446967
-0.0344585
0.0918088
0.0212833
0.019375
0.0983261
0.0150258
-0.0132075
0.0041355
0.056929
0.0225403
0.140898
-0.0553211
-0.0703073
0.0440584
0.076196
0.0204799
0.0456623
-0.00844138
0.0260747
-0.0809143
0.00747179
0.0479986
0.0544266
0.00221106
-0.0295106
-0.00289797
0.00430252
0.0113398
0.0634281
-0.0581409
0.0296482
-0.102209
-0.0157905
-0.0216989
0.0155166
0.0515702
0.120141
-0.106749
0.132933
0.0438054
0.0191008
-0.0412638
0.0434802
0.0250789
-0.0950398
0.0582295
0.138227
0.0410922
0.138265
-0.0993207
-0.0263989
0.0293959
-0.00512679
-0.0308845
0.0356774
0.0585324
-0.0202842
0.101046
0.107468
0.0158498
-0.0706242
-0.0264357
0.0281713
-0.0579295
-0.0627231
-0.00722237
0.0307161
0.0537837
0.0924093
-0.0301935
0.0918485
0.0926198
-0.0552978
-0.0111189
0.143281
-0.0316806
0.00473618
0.129906
0.0718418
-0.049219
0.0826733
-0.0492155
-0.0330168
-0.0551965
-0.0179411
0.0520779
0.0933751
-0.0223054
-0.0924646
0.0629286
-0.0118796
0.0294723
0.0895554
0.0591322
-0.00986347
0.0178877
-0.00712239
0.015126
0.0834203
0.105126
0.0374615
0.0655776
0.067933
0.0388528
0.0415673
0.0578991
0.127428
0.0588552
-0.00969565
0.0205821
0.0953439
-0.056203
0.142036
-0.0188515
0.0107966
-0.00135933
0.0292164
-0.0382912
0.0595413
-0.104034
-0.113365
0.0768849
0.10621
0.0225706
0.0125535
0.0165203
0.0630992
0.149483
-0.100035
-0.0616518
0.0667867
0.0963116
0.159748
0.0667358
0.0356719
0.0277597
0.047409
0.0394112
0.0368021
-0.0205274
0.0336701
0.0608436
0.134301
-0.0276801
0.0306442
-0.00672957
-0.0412474
-0.0534173
0.0166558
0.0330948
0.0379585
-0.030634
0.0156021
0.137577
0.0501035
0.0400528
0.00220421
0.00568332
0.0987812
0.0405711
-0.0671366
0.0162598
-0.0449942
0.117835
0.0714284
0.114501
0.0287209
0.0678422
-0.0844715
0.116809
-0.0383666
0.0273703
-0.0226542
0.0736138
0.161975
-0.0312143
0.0387204
0.0897435
-0.000383118
0.0714026
-0.0872373
-0.0399301
0.0507912
-0.0165197
0.0202107
-0.0134506
-0.0177023
0.0253763
0.186686
0.0286792
0.0447732
0.153365
0.00968989
-0.0070391
0.00650853
0.168747
0.078615
0.00232795
0.121121
0.0155237
-0.0740837
0.0596286
0.0405668
0.0506778
0.0549132
0.0372938
0.147644
-0.024743
0.0636241
0.0316587
-0.0391518
0.000742927
0.0665971
-0.0355003
0.0697987
-0.0753849
0.067495
0.0487607
0.0415891
-0.0509347
0.0385999
0.0331594
0.00159209
0.139551
0.00854108
-0.0655145
-0.0789085
0.0929808
0.0409769
0.033847
0.030213
-0.0268551
-0.0492602
0.0981962
0.0194149
0.0326217
0.026531
0.0533605
0.111847
0.0288634
0.0452805
-0.0119629
-0.00896301
0.0148393
0.00178643
0.065129
0.0767988
-0.04819
0.062509
-0.0298734
0.0204476
0.00749932
0.0679106
-0.0148525
0.076933
0.0236433
-0.0128477
-0.0733609
-0.0411952
0.0618499
0.0840271
0.0750664
0.0953979
-0.0472814
-0.0412862
0.167739
0.116533
-0.0363895
0.0279462
0.0285067
0.18291
0.0757175
-0.0300118
-0.00018332
0.0601682
-0.00954876
0.0312484
0.0674921
0.0420926
0.0371017
-0.0107486
0.127244
-0.0288751
-0.0515703
-0.0169029
0.104272
-0.105622
0.0841195
-0.032915
-0.0413954
-0.00268833
0.157236
0.0415838
-0.000673792
0.0189389
0.0533289
-0.0497132
0.0449521
0.0622349
-0.088049
0.0325035
0.0272605
0.0870572
0.097897
0.01447
0.00807099
0.154433
0.0638302
0.0143524
0.079432
0.0367332
0.00342393
0.0322223
-0.0354027
-0.11483
-0.0419697
0.024845
0.114016
-0.0631941
0.0331357
-0.159395
-0.0293041
0.0911516
0.072184
0.0551969
0.021019
0.104587
0.0145961
-0.0494892
0.216745
-0.00893813
-0.0672795
-0.0813228
-0.00748641
0.0513165
-0.00593505
0.0162387
-0.0799686
0.0165509
0.0162611
0.0123634
0.0672157
-0.0167702
0.0189674
-0.0781389
0.0155488
0.02955
0.0199199
0.0701622
0.0410316
-0.0431649
0.0276558
0.0181762
0.0268027
0.126862
0.0562709
-0.0736932
-0.0315297
0.0458659
0.00410439
-0.059385
0.0497185
0.0907235
0.0733299
-0.0650018
0.0149956
0.0133721
0.113071
-0.0253548
-0.000289821
0.02988
0.0275929
0.0243206
0.0565047
0.157033
-0.0786897
-0.0948634
0.115142
0.0312195
-0.0249314
0.0198785
-0.0592511
-0.008841
0.0258722
-0.0411687
0.032792
0.0125761
0.0129126
0.0201613
-0.0290391
0.0571633
0.0558346
-0.0228541
0.0849679
0.0710176
-0.0905802
-0.113318
-0.0185956
0.0479656
0.0274292
-0.0617825
-0.00501181
0.0863739
-0.0319018
0.120343
0.0189731
0.0304701
0.0335526
-0.0196669
-0.0143019
0.00486671
0.0179038
-0.0212554
0.0723857
-0.00830628
-0.0647053
-0.0321693
0.0520683
0.018169
-0.0612281
-0.0828193
-0.124147
-0.0110819
-0.021087
0.026743
0.0884289
0.067043
-0.125448
-0.163424
-0.0551804
-0.0106957
0.0188977
0.0577776
-0.0409729
0.142473
-0.0654041
0.0444969
0.042614
0.106385
-0.0659433
-0.0706036
-0.0594081
-0.0456304
0.131464
0.0841862
-0.0172508
0.0680568
-0.0153231
0.0231016
0.0715647
0.0691276
0.11285
-0.0305685
-0.061172
0.054069
-0.0996637
0.0803738
-0.0208902
0.0689494
-0.0259212
-0.0906545
0.0926785
0.0956061
0.090629
0.0306576
-0.0519125
0.109854
-0.1439
0.0178218
0.0224767
0.0456257
-0.0199807
-0.0582899
0.00283687
0.0856967
0.152834
0.0301111
0.00497597
0.0491596
0.0380925
-0.000509993
-0.0016229
0.112586
0.126788
0.00826829
-0.0638933
-0.032993
0.0181488
-0.0816604
0.0636381
-0.0205647
0.0388609
-0.0381878
0.0321993
0.00741842
-0.0398303
0.019712
0.00776866
0.106504
-0.0635582
0.106452
0.00359911
0.0445534
-0.053935
0.113255
0.136635
0.0607319
0.0564222
0.00851681
0.0387592
0.0399358
0.0964292
-0.0511255
0.0424297
0.147736
0.101905
-0.163837
-0.0497921
0.0195684
0.048546
0.0493266
0.0246549
0.047166
0.0480185
-0.0582661
0.00372225
-0.0583793
-0.00181807
-0.0638231
-0.0269477
0.174626
-0.0272569
-0.0221355
0.000943104
0.0273757
-0.050147
-0.042495
0.00938831
-0.039007
-0.00370524
0.1029
-0.0500705
0.109491
0.00379745
-0.0742901
-0.00980181
0.0263945
0.0280823
-0.0740422
0.0136504
-0.0599506
0.0404447
0.00540756
-0.00795137
-0.0231648
-0.00220474
0.00537677
-0.020774
-0.0627045
-0.0685231
0.0540208
-0.0654232
-0.0191855
0.00851059
0.076719
-0.0335357
0.0489669
-0.00419849
-0.0702185
0.00609483
0.027961
0.0756554
-0.00264215
-0.0142992
0.0307553
0.109118
0.025294
0.046918
0.0583308
0.0996462
-0.0645085
0.0229999
0.0803948
0.0112727
-0.0487059
-0.0929102
0.037283
-0.012561
0.00882996
0.0097863
-0.0895804
0.0262303
-0.00832553
0.026711
0.0355276
-0.0411426
-0.0595361
-0.0232128
0.0786401
0.0822345
-0.0688493
-0.00169753
-0.0409702
0.0879388
0.0296404
-0.0187221
0.104726
0.0646007
0.0748026
-0.0229506
-0.0289676
-0.00242331
0.0077215
0.0583322
0.0524854
0.00304015
-0.0546851
0.0680866
0.0487951
0.0944646
-0.0285357
-0.0225297
0.051703
-0.0597226
0.00739396
0.0925734
0.0514037
-0.108614
-0.0434699
0.0218323
-0.0103764
0.088513
0.0297923
0.0208195
0.0311698
-0.0123517
0.00553564
0.0541506
-0.0680487
-0.0126423
-0.01185
-0.0137929
-0.0323278
-0.00753431
0.0968137
-0.012445
-0.0463052
-0.0189878
-0.0189089
0.0450335
-0.00708537
0.0542232
-0.0529045
-0.0238308
0.0913927
0.0394181
0.0233174
-0.0429216
-0.0263291
-0.0559556
0.0426497
-0.00718705
0.0759819
0.0365887
-0.000510758
0.0024268
-0.00446472
-0.0713862
0.103121
-0.0307947
-0.0164372
0.0448439
0.0792569
0.0314868
-0.00747401
-0.0337353
0.0673732
0.00837975
0.030194
0.0341905
0.0147906
0.0256366
0.0355517
0.0830449
0.0347636
0.0259184
0.0031402
-0.0473195
-0.00258306
-0.0864123
-0.0334259
-0.0236855
0.000842469
-0.0121787
0.0168103
-0.0322192
0.0457903
0.0445932
0.0185995
0.0467459
-0.012054
-0.0476181
0.0470011
0.047031
0.026336
0.0401479
-0.016559
0.0491667
-0.0580015
0.0223169
-0.0778732
0.026927
0.00873758
-0.0236186
-0.0028248
-0.0578472
0.0730429
-0.00830803
0.0507284
-0.0549927
0.0449631
0.0540072
-0.0243221
-0.00333154
0.0106238
0.0580319
0.0618383
0.00882975
-0.00791458
-0.0466169
0.0384618
-0.00231242
0.0846356
0.0102106
-0.0439037
-0.0671927
0.0379889
0.0121802
-0.00368221
0.101714
-0.00562193
0.0289354
0.0174997
0.0704742
-0.041895
0.0529501
0.133455
0.0602516
-0.0319843
-0.0192253
-0.0558696
0.0477051
-0.0274169
-0.0547295
-0.0650862
-0.0636791
0.0403195
0.132618
0.0461006
0.0313943
0.009493
0.046672
-0.0398995
-0.00738387
0.0311589
-0.0387813
-0.0215121
0.0217408
-0.0527627
-0.00561261
-0.00234872
0.0672739
-0.0206396
-0.00392133
0.0306099
0.0330387
-0.0612676
0.00169054
-0.0175306
-0.0224715
-0.00386248
-0.0160145
-0.00367994
0.0533109
0.134978
-0.0459877
-0.0357119
-0.0410233
0.0296495
-0.0240342
-0.0284658
0.118793
-0.0855335
-0.0138243
-0.0294395
-0.0790292
0.0441021
-0.037972
0.0626859
-0.117849
-0.0430783
-0.00103779
0.0513962
0.041937
-0.10877
-0.0668809
0.0380996
0.0211637
0.0218055
-0.0624137
0.129766
0.0226221
-0.0354619
-0.0453783
-0.0641454
-0.0182654
0.0318713
-0.0828053
0.00182917
0.0111027
0.0667871
0.0948826
-0.0535503
0.0878461
0.0104077
-0.00187155
-0.0146332
0.0431245
0.0690878
0.0390648
0.0284616
-0.121962
0.0643802
-0.146375
-0.012907
-0.0303452
0.0884602
0.0487016
-0.0162731
0.0576782
0.0444349
0.00961846
0.0354192
-0.143578
-0.0380499
-0.0284514
-0.0844028
0.0267541
0.0168611
-0.109955
-0.0298001
-0.085514
0.0110804
0.0723906
-0.0183885
0.0553296
-0.0780286
0.127405
-0.0129475
0.0226431
-0.0036459
-0.0255992
0.0635651
-0.203739
-0.00167301
0.0579762
-0.0358451
0.0161036
0.0208855
0.0263614
-0.051638
0.0277618
0.0203641
0.0736848
0.0539609
-0.0820371
-0.10127
0.0260749
0.0248248
-0.0187618
0.0456618
-0.0450587
0.0675842
-0.0786347
0.0846053
0.147429
0.0327985
-0.0318711
-0.0620351
-0.0584099
0.00784076
0.0127878
-0.0399651
0.0474461
0.0998511
-0.0971319
0.0364854
-0.0203027
0.0680004
0.0352569
0.112015
0.0206949
0.125828
0.0268347
0.0968988
-0.00965854
0.0195271
-0.00636385
-0.0731611
0.113318
-0.0303047
0.00370793
-0.00363727
-0.0887474
0.0355676
-0.0377632
0.116839
0.077847
-0.0289158
0.10629
-0.00270328
0.111563
0.0359524
0.0304854
0.0399713
-0.0576439
-0.0152194
0.0514727
-0.057606
0.0313204
0.0425642
0.0485343
-0.0330018
-0.0100878
-0.0529321
0.103137
0.0473385
0.0158372
0.110134
0.0337762
0.0561991
0.0878649
0.0339276
0.0211977
0.0632146
0.0149872
0.0795031
-0.0777481
0.0694608
-0.0276718
-0.00975008
0.027811
-0.0249578
0.0663592
0.07251
0.0381064
0.0338814
-0.0122635
0.0590922
0.00366906
-0.065537
0.025626
0.0468846
0.033116
-0.01674
0.00383506
-0.00904591
0.0253395
0.13154
-0.000446555
0.138295
-0.0110624
0.0483652
-0.0227278
0.0257147
-0.033157
-0.0251188
-0.0581051
0.0228851
0.0376503
-0.00871067
0.0130296
-0.0209184
-0.0479744
-0.0711861
0.0379312
0.0744781
0.0101335
0.0815123
0.0280877
-0.0750277
0.0297618
0.0421674
0.0877305
-0.0591671
0.0642549
0.0804293
0.0272744
0.0514142
-0.0110325
0.0110935
-0.0324406
0.0917364
-0.0488564
0.0600599
0.0200492
0.0755398
0.00259643
0.00084997
0.00518682
0.00256057
-0.0695019
0.0727351
0.0619592
0.0544489
0.0701454
0.00196333
-0.00637256
-0.0118655
0.145018
-0.0895373
0.0336127
0.0254602
0.0572245
-0.0292018
0.0636644
0.00913257
0.054383
0.0509042
0.0351829
0.122273
0.0751495
0.0328367
0.0994329
0.00984658
0.12663
0.0424451
-0.0233294
0.116726
-0.0169638
0.0199522
-0.0368194
-0.0632939
0.0195031
0.0423736
0.0469168
0.00876619
-0.0975365
-0.0137718
-0.0942148
0.0938433
0.0230072
-0.0505675
0.0840125
-0.0338333
-0.0460129
-0.0178565
0.0801183
-0.166733
0.0794389
0.0447235
0.0813416
0.0549644
-0.010439
0.0315434
0.179275
0.0999381
0.103616
0.0483711
0.0622522
0.0737489
-0.0493031
-0.00206566
-0.0359266
-0.0288664
0.0287804
0.115647
-0.0491324
0.0507497
-0.00423135
0.0257744
-0.0463497
0.0397477
0.0710459
0.0387561
-0.0138868
-0.00405085
0.0428693
0.0930014
0.140614
-0.0416682
0.064308
0.0579552
0.0959479
-0.00427941
-0.0190577
0.0465271
0.100505
-0.0154885
-0.0262824
0.0568373
0.154628
0.198035
0.067608
-0.00025341
-0.0400197
-0.00707003
0.045748
0.0368381
0.0418534
-0.0521452
0.00316339
0.100037
0.000265211
0.0415921
0.138749
-0.0234473
0.0808949
0.00481103
0.0689951
-0.0130693
0.15086
0.0496897
0.120563
0.0471152
-0.0117137
0.0712883
-0.00482688
-0.0158969
0.133037
0.108629
0.00354435
-0.00307546
0.0417293
0.081709
0.010761
-0.0122694
-0.0443018
0.0316122
-0.0306372
-0.0434281
0.00649006
-0.0660428
0.0632889
0.0445144
0.0468414
0.119543
0.0794056
-0.000168058
0.0434916
0.0823006
-0.0135166
-0.0521038
0.0179659
-0.0489318
0.0903736
-4.7988e-05
0.0519069
0.0344957
0.00417342
0.0978981
0.0358106
0.0558933
-0.0511704
0.00157038
0.024121
0.0327111
0.0129335
0.0463916
-0.00759658
-0.0369643
0.0349424
-0.0235603
-0.0546382
-0.044934
0.00826927
0.054395
0.0963867
0.0432915
-0.048717
-0.0624039
0.00420936
0.0101061
-0.0787643
0.0618057
-0.000755149
-0.023797
0.0673229
0.0208648
0.016562
0.0318881
-0.0229795
-0.0112866
0.00306149
0.127341
-0.0475075
-0.0351149
0.0743841
0.102161
0.0257273
-0.0480651
0.048082
0.0598801
0.0452656
0.0351565
-0.0123746
-0.0915467
0.0258853
-0.0514745
0.0663708
0.0821921
-0.0809135
0.0657353
-0.0273093
-0.0481
-0.0583882
0.0188518
0.0297515
0.0641728
0.0409094
-0.00582043
-0.0543449
-0.0220142
0.049308
-0.0961773
0.0154053
-0.00338983
-0.0489828
-0.01152
0.0487808
0.0770341
-0.0664064
-0.00702987
-0.086605
0.0533403
0.00417679
0.0635945
0.0980316
0.0492173
0.0813193
-0.097881
0.0164661
0.0460088
0.0294325
-0.0383923
0.0969103
-0.0365771
-0.00229396
-0.0974257
0.00741233
-0.00293486
0.120098
0.00251746
0.00630297
0.0294795
0.0252903
-0.0460678
0.0282089
0.0293628
-0.0713438
-0.0965931
-0.00889626
-0.0463438
0.0148067
0.0461489
0.0144649
0.141612
0.0648673
-0.0617727
0.0422983
-0.0322063
0.101952
-0.0787158
0.0896592
-0.000958
0.0557345
0.00400474
-0.0466716
0.116354
0.0035518
-0.0469948
-0.00906983
0.0495295
0.079925
-0.0141677
-0.0389461
0.0226406
0.0344018
-0.0148577
-0.00113344
0.0731029
-0.0550854
-0.103329
0.0429152
0.0612125
0.081021
0.0522363
-0.0445504
0.0798158
0.00099421
0.0262631
-0.0174095
0.0942392
-0.00024007
-0.143339
0.0335792
0.135144
0.0213009
-0.00136662
0.0136443
0.0146172
-0.0443986
-0.0538027
0.0207147
-0.0290837
0.0581589
-0.115298
-0.0581374
-0.027583
0.091012
-0.0276015
-0.0619551
0.025061
-0.0174861
-0.13952
-0.0288745
-0.0741246
0.00825107
0.0437912
0.0489622
0.100351
0.0104948
-0.000744993
-0.00669319
0.0019864
0.0101594
0.0298365
0.0271962
0.142903
0.0782382
-0.048823
0.00405444
-0.0265235
0.056717
-0.0557931
0.0497232
0.0818548
0.00193136
-0.208082
-0.0576479
-0.0130856
0.156326
-0.0113116
0.0334813
0.00991017
0.0181929
-0.109594
0.0495181
0.0340063
0.01101
-0.00442971
-0.0677245
0.108272
-0.0316694
0.0230916
-0.0401242
0.0575731
0.00157754
0.00393329
0.0131369
0.0615288
0.0215579
-0.017423
-0.0463873
0.0643212
0.0312571
-0.0156772
-0.0360193
0.0608977
-0.0238679
-0.119403
-0.116888
0.00971709
0.0404699
0.0158215
0.0147658
-0.0610152
-0.0297367
-0.0660095
-0.0665138
-0.0541329
-0.185395
0.0248375
-0.0949062
0.0628523
-0.0296945
0.0877521
-0.0137588
0.0414139
-0.0378241
-0.0861699
0.123059
-0.0403777
0.0449119
-0.0471764
0.028575
0.059754
-0.00658668
-0.0366312
0.0910522
0.00846423
0.0659405
-0.0430006
-0.0571773
-0.129547
0.0716607
0.0480318
-0.0667618
0.0664762
-0.0546784
-0.0368458
-0.0370985
-0.0564803
-0.0552705
0.0009574
0.0111035
0.0454097
0.0348204
0.0225787
-0.125988
0.0478172
-0.0346922
-0.0814747
-0.0360437
-0.0613019
0.0479079
0.0497451
-0.0356979
-0.0908453
-0.0701674
0.0276025
-0.0527998
0.0777465
0.0371201
-0.0155361
-0.0417459
-0.0438075
0.0678244
0.0385757
-0.0855822
0.087186
-0.119716
0.0256155
-0.121262
-0.00516449
0.0504669
0.103624
-0.00468712
0.062294
-0.0365906
-0.0659112
-0.041367
-0.0662266
0.00315632
-0.0121728
0.0148609
-0.042008
0.0434109
0.0565258
-0.0977791
0.0781347
-0.0366875
-0.0986273
-0.05362
-0.0515702
0.0844509
-0.0541512
0.0355798
-0.00463235
-0.0346184
0.00739676
0.0510064
-0.0610327
-0.0174271
0.0617733
-0.058595
-0.140767
-0.0424056
-0.113798
-0.0168564
-0.0144457
0.0164093
0.0666297
0.0292271
0.0733357
0.0589044
-0.0191298
-0.0651806
0.0122566
0.0257931
0.00783013
0.0410073
-0.02322
0.0224004
-0.012684
0.0244693
0.0651997
0.0212383
-0.0910071
0.0151134
-0.0557774
-0.0138984
-0.0280392
-0.0868282
-0.00984127
0.0291433
-0.0138739
0.0359433
0.0106286
-0.0627905
0.0647592
0.00409276
-0.0277274
-0.0972584
-0.0273024
-0.0473267
-0.0785179
-0.024197
0.0442782
0.0402765
-0.0675793
0.0201674
-0.0390135
-0.00402413
0.00112155
-0.0137962
0.0514079
-0.0356513
-0.0441904
0.00929874
-0.0635296
-0.0135845
-0.0881944
0.058022
-0.00240469
0.0266527
-0.0288555
-0.135881
-0.026526
0.0238944
0.0221644
0.0619705
0.000209932
-0.0122884
0.0684414
-0.022466
-0.0452146
0.0241057
-0.0435432
0.0110354
-0.0518496
0.0190088
-0.0198066
-0.0287969
-0.00526578
0.0239596
-0.0303129
0.0270669
-0.0511087
-0.0058946
-0.00863943
-0.0381013
0.0931934
0.0972487
0.0498665
-0.0348916
-0.00227501
0.0352484
-0.00133489
-0.0367634
0.0268929
0.000583923
0.0160964
-0.0363378
-0.0772096
-0.0473253
-0.0492978
0.031273
0.0499379
0.0543914
-0.0660215
-0.0170447
-0.0549452
-0.00126566
0.127619
0.00198669
-0.0526086
-0.0332391
0.0489547
0.0191534
-0.0657157
-0.033234
-0.0560669
-0.0170711
-0.0471337
0.0838473
-0.040185
-0.0221489
0.0280437
0.100218
0.0227784
-0.0136458
0.0496235
-0.00215503
-0.0158914
-0.0415115
0.0214934
0.0549767
-0.0554168
0.0107948
-0.0031504
-0.109051
0.0417915
-0.0540581
0.0495045
0.00587667
-0.0535315
0.00407045
-0.0715207
-0.0195213
-0.082166
-0.046298
0.0305977
-0.0108388
0.013959
-0.054349
0.00398631
0.0548906
-0.0264449
0.00171983
-0.0574853
0.00407141
-0.0670577
-0.0167074
0.108496
0.0968443
0.0303665
-0.0224251
0.00604542
0.00649146
-0.0053973
-0.0129977
-0.00736528
0.0949112
0.028543
0.0845476
-0.0431095
-0.0440674
0.0270207
0.0123557
-0.05306
0.0147293
-0.0718234
-0.0743735
0.0984565
-0.0970239
0.0278042
-0.140815
-0.0979637
0.0697231
-0.0189757
0.0586251
-0.0441265
0.0648546
0.116737
0.0642844
-0.0534202
0.0274698
-0.0979399
0.00162312
-0.0543477
-0.141251
0.0185275
-0.0204491
0.0131558
0.131012
-0.0605872
0.138644
0.0245621
0.0383648
-0.112302
-0.0928731
0.0109194
0.0400741
-0.00511012
-0.0684346
-0.0460052
-0.149645
0.0889009
-0.0260456
-0.0368006
0.0153864
0.0168052
-0.021801
-0.0253426
-0.057872
0.0297173
0.0263857
-0.0177482
0.0449025
-0.0622199
0.116461
-0.049751
-0.0804134
-0.116846
-0.0780802
0.0357114
0.137536
-0.129071
0.0817538
-0.0277746
0.00505255
-0.00785277
-0.126305
0.0474492
-0.136442
0.00304736
-0.0325579
0.0790377
-0.157263
-0.00755301
0.000251329
0.0710689
-0.0700752
-0.0143629
-0.00846482
0.0531494
-0.0702892
0.131843
0.0630798
0.0472636
-0.0468589
-0.0486876
0.0231533
-0.0880805
0.00669803
-0.0461232
-0.0282366
-0.0262666
0.086172
-0.136073
0.102285
-0.131584
0.00840129
-0.0400062
-0.0999347
0.0653486
-0.0485987
-0.000851815
-0.0163737
0.000424925
-0.10897
0.0195878
-0.0106386
0.124207
-0.0545114
0.0245222
-0.0797675
-0.070901
-0.0267183
0.119307
0.00961232
0.0312404
-0.00612601
-0.0306719
0.0489776
-0.0432026
0.101639
-0.0997514
-0.0855958
0.0380495
-0.0135693
-0.115642
0.0194767
0.00175439
-0.0203158
0.0596794
-0.0506459
0.0213539
-0.0881495
0.0302518
-0.165757
-0.0552521
-0.0823231
0.0418691
0.0625151
0.125644
0.0364161
0.0504337
0.0117452
0.0655568
-0.0518428
0.00510366
0.102205
0.0161244
-0.0168268
-0.114005
0.0262734
0.0480591
0.00109683
-0.0668755
-0.0159952
0.0200642
0.045502
-0.0146394
0.00896919
-0.00021038
0.0296534
-0.0344295
0.0744264
-0.0106037
0.026855
-0.026762
-0.0332173
0.00100539
-0.0219338
-0.0404801
0.0164114
0.1086
0.159243
0.0497663
-0.0596455
0.0861678
-0.0541182
0.0827624
-0.0438889
-0.0930217
9.06038e-05
0.0176616
0.0932423
-0.0297912
0.0368377
0.0587795
-0.0988113
0.0196808
0.0736018
-0.117475
0.1179
0.0710744
-0.0935209
0.00990612
0.0419691
0.000784678
0.0720884
0.123361
-0.0424159
0.0349325
0.0714296
-0.00672979
0.102985
0.0473357
0.0857988
0.0481666
0.120261
0.0442887
0.107076
0.10612
0.102572
-0.0112155
-0.0445271
0.117406
-0.0280848
0.0465384
0.053047
0.0557119
0.00889445
0.0818732
0.0164491
-0.127065
-0.0229955
-0.0810203
-0.00502884
0.0148549
0.00750464
-0.109959
0.0804163
0.122726
-0.115629
0.0351558
0.0610273
0.0369393
0.0190034
0.0914856
0.0326912
0.0567472
0.00804729
0.0677383
0.0107201
0.0571133
0.134545
0.138039
0.145229
0.0412682
0.0502027
0.109025
-0.0605343
0.0739819
-0.060011
0.0131581
-0.0333121
-0.0142146
-0.0104896
0.0192226
0.0865079
0.0503637
0.102084
-0.00175744
-0.00951834
0.00409553
-0.00582037
0.122757
0.245145
-0.0600107
0.0678995
0.085039
-0.0745936
0.0088819
0.0984236
0.0196716
0.0892137
0.143338
0.0115534
-0.00373387
0.0350818
0.12622
0.0500497
0.199249
-0.0756089
0.00793715
0.0217806
0.00177973
0.0111308
0.0890789
0.0236088
0.0086598
-0.0652843
-0.0413374
0.0636924
-0.0118795
0.0720032
0.051027
0.0454757
0.0569353
0.1055
-0.0343406
0.0682597
0.0844624
0.0547343
0.0692758
0.0595972
-0.0580252
-0.0168141
-0.0956356
0.0972992
-0.0709085
0.058663
-0.0376509
-0.0593937
0.00760754
-0.101467
0.0073044
0.0700453
0.0565824
0.00775056
0.0320448
0.0606498
0.0024757
-0.0334098
-0.00682316
0.0517401
0.02642
0.0958623
0.0856962
-0.0241951
0.0124318
0.0576154
-0.0615269
0.0180582
0.10594
0.131021
0.0711993
0.0345736
0.063745
-0.0350869
0.0967142
0.0638674
0.0232701
0.161447
0.193215
-0.0480054
0.0305518
0.00953033
0.053788
0.0624361
0.12141
-0.0517591
0.118448
0.0274597
0.00381301
-0.0315612
0.102812
0.102357
-0.0434793
-0.00781995
-0.0327968
0.0626238
0.0880545
0.122378
-0.0893253
-0.0242681
0.0874454
0.0531014
0.0892237
0.0746721
0.0441186
0.0062582
0.0320789
-0.0168469
0.0623812
0.0511847
0.10152
0.0336284
0.0449973
-0.0155507
0.00631438
0.0721513
0.0968323
0.0084052
0.0465395
0.0322158
0.0130128
-0.0616773
-0.0164981
-0.00395946
-0.0210868
-0.103184
0.0339116
-0.0446669
0.066502
0.0295541
-0.0666508
0.0298112
0.0688194
-0.00809836
0.150698
0.0552566
0.0280165
0.0185489
0.0551508
0.0043552
-0.0185878
0.0968959
0.0303435
-0.00882028
0.0361558
0.0261184
0.0983805
0.100797
0.096079
0.0602058
0.0231464
0.0770211
-0.0105417
-0.0501061
0.0852017
0.0326278
-0.0553539
-0.00752773
-0.00306648
-0.0563012
0.0263276
0.0735696
-0.0255773
-0.0105979
0.105646
-0.0940538
-0.0473106
0.00800168
-0.0338121
0.0304001
0.0371609
0.0179395
-0.0642518
0.0868782
0.0658987
0.0232872
0.0144723
0.0563766
0.0473815
0.124583
-0.0200624
-0.0031521
-0.0147523
-0.0042055
-0.0515871
-0.0172944
0.00570975
0.0109851
-0.0718599
0.000180092
-0.0830362
-0.0641932
0.0296426
0.0037501
-0.0925309
-0.0040945
0.0218843
-0.0150245
0.0315783
0.0331204
-0.0185638
-0.00501038
0.0718467
-0.0774567
0.0294497
0.0491499
0.0762107
0.0249733
0.050535
0.0238871
0.0790555
0.0316546
0.0553927
0.0437547
0.109409
-0.047466
0.0167025
-0.0653007
0.144769
0.0257652
-0.0656691
0.0384264
0.0427558
-0.0390573
0.0115314
0.0312715
-0.0216889
-0.0442745
0.0433619
0.0485339
0.0525718
0.0757253
-0.0549334
0.0572873
0.0773073
0.0201531
-0.0923575
0.0672785
-0.0380997
0.0375845
-0.00873911
0.0273262
0.0622935
0.0413438
-0.00482394
-0.0202186
0.0552862
-0.0576058
-0.0073268
0.0208882
0.0810895
0.0106348
-0.0360316
-0.0326183
-0.0881481
-0.0572225
-0.00717905
0.125425
0.0852665
0.0896024
-0.0727423
-0.0948678
-0.0356789
-0.0118297
-0.0682547
0.0702577
0.0415715
0.013001
0.0356485
-0.00612581
0.00458084
-0.0466484
-0.0336529
0.0540044
0.143993
0.0434513
0.0779447
-0.0901216
0.126243
-0.0243681
0.0136295
-0.0184133
0.013672
-0.0423672
-0.0271642
0.0116563
-0.0383388
0.00381142
0.0371887
-0.0263242
0.160357
0.0189701
-0.124838
-0.107251
-0.111076
0.0311091
-0.0557605
0.0296741
-0.0836738
0.0251592
-0.088562
-0.0182165
0.0130658
0.143373
0.0512747
0.0398429
0.126526
-0.0155218
-0.00673465
0.00965091
0.134934
-0.0481154
-0.108195
0.0612338
0.00158706
0.038498
-0.0936425
-0.0676935
0.016933
-0.0267774
0.0854046
0.0121911
0.0524684
-0.0104411
-0.137639
-0.0767109
-0.0709468
-0.00391412
0.02854
0.0065345
0.0199733
0.0159883
-0.0432015
-0.0423176
-0.0454969
-0.0440329
0.126611
0.0665495
0.0751041
-0.057311
0.0465374
-0.125428
0.153864
-0.061088
-0.108263
-0.0895188
-0.0452479
0.0696808
-0.0673194
0.0727913
-0.00129307
-0.069072
-0.0635043
0.0110968
0.0827318
0.0927369
-0.151611
-0.0377089
-0.104624
0.0190566
0.065513
-0.0526652
-0.0486689
-0.0694066
0.0934883
-0.0221052
-0.0439957
0.0205324
-0.0138502
-0.0474383
0.0625403
0.0100119
-0.0341587
-0.0646077
0.150203
0.00813302
-0.0726094
-0.014221
-0.0167376
0.0471123
-0.0671327
-0.0406629
-0.00468376
-0.0414602
0.00525936
0.0295735
0.0854813
0.00846599
-0.0026161
-0.0767721
-0.0915907
-0.0573612
0.0766381
-0.0156774
-0.0168778
0.035132
-0.0808993
0.0133082
-0.0827514
0.0733031
0.0482017
0.0221773
-0.0070784
-0.0478371
-0.00924719
-0.0868945
-0.000107756
0.0853642
0.0753106
0.0294194
0.110373
-0.00545871
0.0243929
0.0546129
-0.0284376
-0.012791
-0.0026782
-0.053131
-0.0145329
0.0486831
0.0319796
-0.0912192
-0.0965216
-0.0723894
0.0966216
-0.106794
0.0699922
0.0232623
-0.0133115
0.0119874
-0.0561607
0.0276777
0.0970223
0.0557963
-0.00115581
-0.0236849
0.112621
0.0588476
0.0796308
0.0615253
-0.0268075
0.0829509
0.0215781
0.00581037
0.00700673
0.0297329
0.013692
0.0467542
0.0085285
-0.0823888
-0.0788237
0.0843864
-0.0232837
-0.135788
0.0660804
0.0810236
-0.059445
-0.00529636
-0.0486309
-0.0545595
-0.0429904
-0.032771
-0.0472431
0.0294934
0.0531451
0.0363309
-0.0275083
-0.0272696
0.0256098
-0.00649067
-0.0584846
0.000300204
-0.0113254
-0.00403757
0.00318122
3.42084e-05
-0.0155675
0.0248402
0.0134023
0.0331453
0.0369299
-0.0983332
0.0632229
-0.0740643
0.0328227
-0.0287534
-0.0594359
-0.0818454
-0.0596072
0.0252035
-0.0733239
0.0522153
0.0322794
0.0179726
-0.0346889
-0.024417
-0.0359983
-0.00980409
0.0128004
-0.0788705
0.0442466
-0.0379601
0.0446667
0.0305717
-0.0988742
0.0199747
-0.07525
0.100332
-0.0186276
-0.0372017
0.0533556
-0.0236044
-0.0895094
-0.0492786
-0.0336124
0.0783487
-0.0345839
0.0304858
-0.0682819
-0.0133381
-0.0298677
0.0903216
0.00419735
0.0743611
0.0555083
-0.0178279
-0.045922
0.129177
-0.109854
0.0124102
-0.00257511
-0.0271538
-0.003154
-0.0113293
0.00177218
0.0124457
-0.00372017
-0.0472799
0.0399312
-0.0274359
-0.0235614
-0.038679
-0.137463
-0.101806
-0.0703408
-0.0566151
0.0381672
0.0876057
0.0409961
-0.0324615
-0.0545349
0.0173701
0.0291445
-0.0267569
0.00916695
0.0261219
0.0707547
-0.037163
-0.0497527
-0.00530997
0.00910715
-0.00303706
-0.0265228
-0.0134236
-0.0230717
-0.0267904
0.0589624
-0.00991159
-0.0513028
0.00186578
0.0515755
-0.019493
-0.02379
-0.0135041
0.00762783
0.0601293
-0.0903528
0.0418372
0.0701296
-0.0307687
-0.00900112
0.0319066
-0.0311026
-0.000277929
-0.128024
-0.0480556
0.0164064
-0.014139
-0.0474554
-0.0653632
0.0912581
0.0408622
0.0144656
-0.0487518
-0.0332647
-0.0124229
0.00299701
0.0426439
-0.0140298
-0.0149453
-0.0408451
-0.045297
0.0657533
-0.0308621
0.000597719
-0.00992143
-0.0242778
-0.0474646
-7.9026e-05
0.0896282
0.0144883
-0.0431496
0.0560423
-0.102614
0.0364584
-0.0447511
0.0318326
0.0561675
-0.0494813
0.0208405
-0.0377691
-0.0714555
-0.0768364
0.0561848
0.0214672
-0.0412649
-0.0216546
-0.0370995
-0.0114563
0.0431298
-0.0224443
-0.0288817
-0.0612243
-0.0298927
-0.0559835
-0.081403
-0.0544345
0.106126
0.00543288
-0.0142099
0.0680524
-0.0348527
-0.129763
0.120589
0.0620033
0.0643019
-0.00920121
0.0601788
0.0156746
-0.0851171
0.0273455
0.0461359
0.00763384
0.0123107
0.00182248
0.112833
-0.005535
0.0086354
0.00125325
-0.0670683
-0.0275571
0.0131034
-0.00895844
0.0336227
-0.0676956
-0.0177219
-0.0332617
-0.0441306
-0.0492161
0.00726994
0.0337757
0.0143685
-0.0531483
-0.0467883
-0.0280721
0.0255252
-0.0535005
0.0348055
0.048288
-0.0274153
-0.0266159
-0.0934241
0.0273129
0.0279517
-0.041564
-0.0704171
-0.0422667
0.0344368
-0.0856524
0.00536378
-0.170815
-0.0992753
-0.0913739
0.0906426
-0.124999
0.0938752
0.00840641
-0.109306
-0.0538324
-0.194402
-0.00539614
0.0527416
0.100851
-0.0459203
0.0116173
-0.13128
-0.12872
-0.0063952
0.0775975
-0.0547984
0.0141739
-0.0168619
-0.0699324
-0.0664213
0.00754371
0.0608764
0.0144169
0.017896
-0.0702527
0.00122166
0.00680975
0.0259734
-0.081788
-0.115461
-0.0976532
-0.00340492
-0.0669022
0.0715673
0.0582322
-0.0995623
-0.180542
-0.0788073
0.0442245
0.0432615
0.0728521
-0.0806192
0.0189249
-0.0820171
-0.0676793
0.0173101
0.0914185
-0.0299918
0.0543292
0.0343351
-0.0457512
-0.0291387
0.02724
0.0439958
0.0818909
-0.029869
-0.033156
0.101256
0.127958
-0.0975343
-0.0300589
-0.087148
-0.0462125
0.142774
-0.153989
0.0425647
0.0180043
-0.0980299
-0.0977787
-0.0638633
0.0399892
0.0394612
0.0324726
-0.0217287
0.124182
-0.109828
0.0218275
-0.0175368
0.0525915
-0.0694634
0.0129131
-0.00178553
-0.000396253
-0.0864984
0.0122452
0.0161759
0.0554309
-0.0197624
-0.106494
0.0655651
0.0405926
0.00597494
-0.00150989
-0.0872892
-0.0487016
-0.0207431
-0.0130423
0.186813
-0.114364
-0.119034
-0.0533024
-0.0207632
-0.1138
-0.0569943
0.0723516
-0.0158015
-0.0392755
0.0505793
-0.0227045
-0.0523944
0.0119197
0.0353335
0.0333811
0.05674
0.0441829
-0.0375989
-0.0166209
0.172914
0.133004
-0.00167375
-0.0595661
0.0905508
0.0817958
-0.053603
0.00969855
0.0684497
0.0753791
-0.0249207
-0.134978
0.149742
-0.0300887
-0.106346
-0.0535604
-0.0302158
-0.0971567
0.0481775
-0.068281
0.0548699
0.0335883
-0.0631998
0.0535291
-0.0153031
0.0591841
0.00367013
0.12655
-0.00410951
0.0177062
-0.0681748
0.141946
0.0214642
0.0267308
-0.0111344
-0.0138027
-0.0745511
-0.0196461
-0.0332994
-0.0611997
-0.0114939
0.0880647
-0.0142276
-0.0565159
0.0499927
0.0189395
-0.0917721
-0.0674882
-0.0875271
-0.0831827
0.0325198
0.0294968
0.0843351
0.16295
0.0949306
-0.0028119
0.0102102
-0.00913628
0.0366959
0.0249651
-0.0837996
-0.0543396
-0.081852
0.111412
0.0731199
0.00682554
0.0283405
0.0320226
0.0496568
-0.0724957
-0.0419663
-0.0683318
-0.0500491
0.107415
0.0340162
-0.020445
0.0565266
-0.129468
-0.0534759
-0.0603274
0.104146
-0.155846
0.0889871
-0.0125932
-0.0240294
0.0253196
0.0888581
0.00456801
0.00264122
0.00142411
0.0500881
0.0564603
-0.102815
0.0348248
-0.0303045
0.0819894
0.0792592
0.0711512
-0.00225804
0.0101983
0.0188379
-0.0684196
-0.0702687
0.0542776
-0.0580412
0.0585872
0.0323702
-0.0585855
-0.00613144
0.0501767
-0.0535439
-0.0462763
0.0124792
-0.0851197
0.120068
0.0200508
-0.0382863
0.0574086
0.0499424
-0.0528447
-0.0219413
0.0395566
-0.011258
0.11708
0.0267035
-0.0126365
0.00729568
0.0563822
0.0801289
0.0473113
0.0175351
0.0336368
0.016192
0.0261181
-0.144797
0.0174996
-0.0449429
0.0956552
-0.00584394
-0.136535
-0.0228226
-0.00880327
-0.018374
-0.00772681
0.169379
-0.183395
0.072093
-0.00419449
0.0729434
-0.0184503
0.0881011
-0.0971943
-0.0320984
-0.0436246
-0.021233
0.0772333
0.00317241
-0.0149866
0.0996262
0.070556
0.084973
0.0548793
0.0413958
0.101773
0.0963281
0.112975
-0.025259
-0.0357095
-0.0778855
0.115682
-0.00182401
0.0421257
0.0308951
-0.0430789
-0.0601008
0.0351695
0.0358963
-0.134737
0.0296413
0.112636
-0.0596511
0.0418569
0.116939
0.0532579
-0.0213074
0.0282739
-0.0819872
0.132565
0.026923
-0.0906556
-0.00373452
0.0412116
0.0383197
-0.0420387
0.000891243
0.0614313
-0.0241497
0.037142
-0.0550733
0.00740641
0.0429288
0.00664504
0.0533088
-0.0463414
0.0477743
-0.00115692
-0.0656969
0.0306912
0.0930349
-0.0781602
0.0541575
-0.0287342
-0.0352422
-0.0496527
0.0325151
0.00984323
-0.0634082
0.0152359
0.0731959
0.0115602
-0.000760396
0.00789416
-0.0566922
-0.0610906
0.0934596
0.012621
0.0521545
-0.0275791
0.0713054
0.0373211
-0.0277047
0.0633736
0.0553398
0.0417024
0.0446445
-0.0046513
-0.0242101
0.00769272
-0.103419
0.0114712
0.133281
-0.169996
0.0244746
-0.0887781
-0.00348563
0.0876079
-0.00115855
-0.0374077
-0.0111244
0.076412
-0.0277689
0.0797165
0.0871147
-0.08567
0.0510743
-0.0101119
0.0413117
0.0119877
0.0799977
-0.0409134
-0.0048273
-0.0161016
-0.0381416
0.0473636
0.0164181
0.0307324
0.0558807
0.0979323
0.0387327
0.0386364
-0.0415905
0.019909
-0.0156443
-0.100046
-0.02874
-0.0430233
0.065335
0.0253299
-0.0328976
0.0331731
0.0222845
0.0443133
-0.0210188
0.0652901
0.0365628
-0.0703071
-0.0562258
-0.0420686
0.0941775
0.00380054
-0.0541146
-0.0414305
0.0493556
-0.0338393
0.113972
0.132582
0.0749742
-0.0200497
-0.0250628
4.83614e-05
0.071435
-0.0634633
-0.081165
0.00647724
0.0888768
-0.0250519
0.0328048
-0.0399587
0.058105
0.0733811
0.10991
0.0464628
-0.0270462
0.071197
-0.0357381
0.0363109
0.101104
-0.0508751
-0.101251
0.00664788
-0.00875886
-0.0994094
0.0253178
-0.104384
-0.0315365
0.0392643
0.00607775
0.107663
0.101474
0.0429084
0.0218957
0.0714798
0.05689
-0.0501412
-0.118609
-0.0258766
0.0611944
-0.0764535
0.0513436
-0.0573703
-0.0716771
0.0405804
0.033522
0.0349666
-0.0425102
-0.0689213
-0.00972838
-0.0449831
0.0196473
0.0223825
-0.063298
-0.0647948
-0.035311
0.0316725
0.0260984
-0.0568805
-0.0469239
0.0258141
-0.0163775
0.148462
-0.0157629
-0.0803783
-0.00224126
0.133118
0.058503
0.0761019
-0.0535024
0.0682393
0.0239659
-0.0752759
0.0816797
-0.00780498
0.0711665
0.0123376
0.044341
0.0689931
-0.102726
-0.140215
-0.0408199
-0.0982567
-0.000826797
0.027225
-0.0622578
-0.049874
-0.040856
-0.0181907
0.0238086
-0.0268229
0.06294
0.0815461
0.117856
0.0996361
-0.0334553
0.0131403
0.0205348
0.0678151
-0.0701581
0.0103092
0.0263896
-0.0025429
-0.0526108
-0.0512248
0.0167228
-0.0258363
0.0362826
0.0440181
-0.0276658
0.0937922
0.0445522
-0.0626923
-0.0311186
-0.0871317
-0.00392581
0.1585
-0.033471
-0.0371217
0.144612
0.0902105
0.00311607
-0.115076
0.0138813
0.0573285
0.0284083
0.140639
-0.053534
-0.00207103
0.0343009
0.024483
0.0131028
0.0176603
0.0244983
0.0540126
-0.0942658
0.0401029
-0.0449609
-0.0815821
0.0370271
0.064046
-0.00166822
0.0630055
-0.0370865
-0.109545
-0.0622905
0.0271318
-0.0865138
0.0635166
-0.0823168
-0.00676065
0.0263988
0.0134856
-0.0314306
-0.0204391
0.0931429
0.08072
-0.0159095
0.0466588
0.0300866
-0.0236741
-0.0279887
0.0106353
0.0769077
0.00329041
0.00293631
0.000507209
-0.0261657
-0.103994
0.0753712
0.00125551
0.0503908
0.0661185
-0.0223615
0.00547226
-0.00221663
-0.0427289
-0.0119229
0.0354523
-0.00624104
0.0530371
-0.0506205
0.0284237
0.0119602
-0.080233
0.0363024
-0.0416964
0.0213134
-0.0722586
-0.144561
0.093635
-0.0752662
-0.0559964
0.0102358
0.0223842
-0.021378
-0.0519462
0.0127183
0.0243842
0.0114441
0.00199788
-0.0846049
0.011018
0.0228265
-0.0373896
-0.0639946
-0.0269921
0.0798031
0.00278842
-0.0391304
-0.00704999
-0.0031168
0.110306
-0.0307731
0.0288681
-0.00613488
-0.0343754
-0.0513918
-0.0711159
-0.055594
-0.021204
-0.046111
0.0756735
-0.0896226
0.0671912
0.0413282
-0.000152126
-0.0243879
-0.0275539
0.0263266
0.00441263
0.0595514
0.0223363
0.00833764
0.0043911
-0.00897539
0.0115621
-0.035318
0.0602354
-0.00823206
0.0183388
-0.0278759
-0.0696521
0.00609086
0.00948873
-0.0261547
0.0742
0.0211526
-0.0460855
0.0452523
-0.0802875
0.0242398
0.0061187
-0.0240899
-0.109374
0.0404332
0.0648691
-0.0169131
0.0599376
0.0699263
-0.101185
-0.042524
-0.0452067
-0.0142097
-0.0524647
0.0721682
0.114163
0.046072
0.0311603
-0.0367394
0.0128175
-0.026109
0.0631654
0.0820991
0.0488131
-0.0147025
-0.0846074
0.0965415
0.0241794
0.0988052
0.0012978
-0.0231862
-0.113594
-0.0521466
0.055073
-0.000577228
-0.0292597
0.0300365
0.0120856
0.0114104
0.0273578
0.00294476
-0.00872889
0.0679375
-0.0180606
0.0309783
-0.131819
0.0566167
0.040256
0.0441374
0.0860887
0.0539852
0.0138106
-0.0340177
0.073268
-0.0371402
-0.0494045
0.0154086
-0.0698029
-0.0559195
-0.092632
-0.0164314
0.0590334
0.0345137
-0.0275209
0.024739
-0.0124836
0.0231879
-0.0677341
-0.0704205
0.0774731
0.0350253
0.0979936
-0.0711973
0.00240158
0.0332278
-0.0901216
0.0434664
0.00569293
-0.0316699
0.0376445
-0.00930328
-0.0280896
0.0273486
-0.011196
-0.0565333
-0.0577257
-0.0894028
0.0487095
0.043319
-0.0386963
-0.0531181
-0.0233975
0.00654124
0.0323331
0.0352024
0.000380822
-0.0369378
0.0194617
0.00618685
-0.0504013
0.031419
-0.0329448
-0.0868991
-0.0503776
0.0570111
0.0100315
0.0231644
0.0225438
-0.0646695
0.0500899
-0.0267081
0.0519661
-0.039232
0.0166313
0.0182622
-0.0248682
0.122927
0.0214532
0.0835094
-0.0295215
0.0782988
0.0205326
-0.0288805
-0.0400983
0.0355068
0.0455052
0.0205782
0.00996594
0.0333303
0.0266646
0.00808369
-0.0622867
0.0679605
-0.0630678
0.0548642
0.0586312
-0.0198079
0.0413095
0.0426153
-0.0292839
0.0301383
0.0271747
-0.033151
-0.0659472
0.039195
0.0224061
0.0415785
-0.0384224
-0.00666318
0.0278685
0.0963832
0.066945
-0.0482764
0.0321543
-0.0419523
-0.0488136
0.0236075
-0.0598601
-0.0202978
0.0702308
-0.0086105
-0.0049034
-0.0258062
0.0695273
-0.0293031
0.104639
0.0503978
-0.0893739
0.0664245
-0.0297226
-0.0589733
0.0151757
-0.0507924
0.0225228
0.0507281
0.0231289
0.0626929
-0.0299839
-0.0968734
0.0806023
0.0631095
0.0210329
-0.0405444
0.0627583
-0.00977036
-0.00139723
-0.040174
-0.0357179
-0.0110733
0.0713334
0.0657208
0.039625
-0.0213271
0.0189655
-0.00295367
-0.135219
-0.0344488
-0.0190471
0.0479672
-0.113122
0.0713653
0.0253251
-0.0238106
-0.0279293
-0.00653126
-0.0625175
0.0109778
-0.0412247
0.0580104
0.0230737
-0.0075487
0.020966
-0.0725837
-0.0646
-0.0470783
0.0974787
-0.0922539
-0.0119504
-0.0214586
-0.0574037
-0.0414357
0.00305928
-0.0344414
-0.01721
0.00299137
-0.0396601
0.0193198
0.014064
-0.101817
-0.0391328
-0.000771413
-0.102038
0.0728805
0.0783516
0.0106861
-0.104647
-0.102146
-0.0635517
0.0319704
0.0197579
0.00928447
0.0550687
-0.0459865
-0.00822906
-0.0249654
0.0101748
-0.0627974
0.0672805
0.112889
-0.0116411
-0.10036
-0.0377494
0.0729644
-0.0223074
-0.0386361
-0.137691
-0.00275954
0.0336212
-0.000546282
-0.0602987
-0.0411194
-0.0475706
0.00513894
0.0108468
0.176295
0.0531564
-0.182914
-0.0492938
-0.0319336
0.0152588
0.0327726
0.0271968
0.109207
0.0265345
-0.0343846
0.0360774
-0.0236985
-0.0323856
-0.00164067
-0.0462521
-0.113556
-0.0614005
-0.0947653
0.0445566
0.0702562
0.0203492
0.066527
-0.0740536
0.0655312
-0.1053
-0.0818589
-0.106261
-0.0369567
0.00400161
-0.0141765
-0.0849766
0.134044
0.138138
-0.093211
-0.186464
-0.108838
-0.013507
-0.00219395
-0.0400677
0.0541778
0.0586055
-0.00468293
-0.0139447
0.0391594
-0.000655235
-0.0578216
0.0353664
-0.0502418
-0.0316784
-0.0983074
-0.0224177
0.210132
0.0956822
-0.0612434
-0.123472
0.0176146
-0.0175703
0.00152967
-0.108346
-0.125543
-0.0274836
0.00979238
-0.0703045
0.130608
0.127639
-0.104709
-0.179909
-0.18164
-0.0498766
-0.0267092
-0.00810088
0.026424
0.0821815
-0.0660364
0.0301265
-0.0396916
0.0188872
-0.0446536
0.00247573
-0.0606699
-0.14823
-0.0917925
0.0257735
0.120364
0.0581649
-0.0461749
-0.154449
0.0554345
-0.0458667
-0.0409278
-0.0865133
-0.126394
0.0581762
-0.0231755
-0.0479282
0.128577
0.122611
-0.167347
-0.0825155
-0.129378
0.00341591
-0.0257985
0.00969628
-0.0102886
0.139874
-0.0535668
0.0290786
0.00494524
0.0604505
-0.0461661
-0.0989362
-0.0182493
0.00599732
-0.0181943
0.0615423
0.195354
0.100338
0.0173047
-0.0768035
0.0798162
0.00596858
0.0375142
-0.0739952
-0.136786
0.00354599
0.0181402
-0.0122771
0.0446625
0.0542146
-0.233026
-0.176436
-0.0939913
-0.0560298
-0.035328
-0.0736729
0.00865161
0.116902
-0.0528092
0.0698767
0.0392945
-0.0157417
-0.119069
0.0315602
-0.0356078
-0.0829114
-0.0943128
-0.0482286
0.176486
0.0686671
-0.0133811
-0.0631505
0.121905
0.0867454
-0.000839764
-0.0534442
-0.181522
0.0162838
0.0211935
0.0271827
0.123048
0.0916707
-0.194166
-0.152066
-0.0335305
-0.0419447
0.0409218
0.00490852
0.0568897
0.156535
0.0314968
0.0632219
-0.090589
0.061822
-0.0994197
-0.00482154
-0.0196635
-0.141041
-0.0896574
0.0493878
0.0687645
0.0378959
-0.0351831
-0.078846
0.0642375
0.0061151
-0.146994
0.00825689
-0.165171
0.0250792
0.0437077
-0.108316
0.200671
0.0483959
-0.124309
-0.0775709
0.00911877
-0.0944952
-0.00904388
0.05681
0.0447409
0.0855245
-0.00255802
0.0420534
-0.0551
0.0731186
-0.0211637
0.0185996
-0.130437
-0.0647886
-0.0944664
0.070153
0.101465
0.0206502
-0.0781793
-0.116065
0.0543238
0.115799
-0.0579017
-0.0416105
-0.196916
-0.00403713
-0.0369296
0.0375451
0.114047
0.0859914
-0.150048
-0.144853
-0.0127637
-0.0935254
0.0519508
0.00740187
-0.0024902
0.0705497
-0.0146017
0.143292
-0.0489455
0.0763491
-0.0395701
0.0925347
-0.098221
-0.150834
-0.067536
0.0526655
0.181166
0.1198
0.0306015
-0.154512
-0.0471652
-0.00388162
-0.0102149
-0.0357957
-0.0649806
0.0911586
0.0203324
-0.00939862
0.135558
0.14007
-0.167308
-0.107754
0.0100112
-0.11603
-0.0368506
0.0378936
0.0123672
0.169423
0.0888753
0.0378642
0.0161635
0.00137135
0.0166082
-0.0152399
-0.0516993
-0.12146
-0.0263781
-0.0323556
0.213619
0.0322101
-0.0149669
-0.0647593
-0.0489332
-0.0300161
-0.0597405
0.0705373
-0.0639031
0.0682977
0.0251363
-0.0983825
0.122369
0.0142851
-0.15574
-0.0932395
0.0527424
0.0013518
-0.0510219
-0.0148832
0.0232146
0.0783429
0.119858
0.109673
-0.0362819
0.071957
-0.0838411
0.0434726
0.0613352
-0.0849094
-0.13651
0.0117188
0.149442
0.0831535
0.0400953
-0.124739
-0.0723904
-0.019646
-0.0962605
0.0692506
-0.0862983
-0.0693521
-0.0188259
0.0743153
0.11513
0.106206
-0.0550114
-0.123237
0.0902742
0.00727382
0.0173985
-0.00175028
0.0967806
0.0949593
0.0686545
0.140125
-0.0175163
0.0894477
0.0347205
0.0428358
-0.0591777
-0.027968
-0.0618836
-0.073062
0.0847101
0.0842632
-0.113788
-0.0958848
-0.0634366
-0.00228733
-0.0690505
0.0156046
-0.0712462
-0.121273
0.0140989
0.0173733
0.243486
0.0461333
-0.0932105
-0.109658
-0.0808836
-0.0868778
0.00131821
-7.56427e-05
0.0322515
0.129622
0.0413089
0.0934786
-0.0393218
0.109796
0.0165348
-0.0156985
-0.0725985
0.0545532
-0.0642876
-0.0790936
0.106716
0.100485
0.000885312
-0.175111
-0.0383379
0.0891727
-0.0979857
0.0762001
-0.0904882
-0.0236217
0.0298683
0.0254478
0.0552108
0.0776505
-0.043605
-0.093927
-0.0585828
-0.0200412
0.0284119
-0.0342392
0.0489197
0.106995
-0.00554107
0.0247828
-0.0220795
0.0378358
-0.0157088
-0.0143933
-0.077879
-0.0579765
-0.0223724
0.00666924
0.123101
0.104565
0.0184933
-0.13422
-0.00136203
0.0238601
-0.0412758
0.0419729
-0.086155
0.0227358
-0.0109622
0.0134081
0.115923
0.148759
0.000364527
-0.213243
-0.0358285
0.00339883
-0.00595156
-0.169103
0.0170747
0.102646
-0.0252023
0.123865
0.040482
0.0682485
-0.0945213
-0.0968451
-0.06569
0.121487
-0.0606176
-0.0217441
0.0468962
0.0956628
0.0163093
-0.123778
0.0778282
0.0153422
-0.133952
-0.0142417
-0.0742214
-0.0736509
-0.026312
-0.0832179
0.079827
0.0834798
-0.0312255
-0.230104
0.0254559
-0.0446861
0.0218196
0.00161868
0.0823059
0.0586561
0.0201935
0.0834064
-0.0346354
-0.0264949
-0.019732
-0.0545694
-0.048518
0.0882835
-0.0303328
-0.0526158
0.0987631
0.0582732
-0.0201537
-0.125305
-0.0313031
0.0464661
0.0971607
0.140449
-0.0608954
-0.0500528
-0.0322647
-0.0183564
0.0381145
0.0771559
-0.0181341
-0.0888035
-0.00843366
0.0378987
-0.0198645
-0.112956
0.0608476
0.0907362
-0.0436268
0.0551698
0.0413144
0.0177963
-0.066608
-0.114769
-0.0403636
0.0720457
-0.0645269
-0.000960769
0.0960243
0.067217
0.0350256
-0.04567
0.00854805
0.0615227
0.026159
0.0201349
-0.00523813
-0.070384
-0.0633246
-0.0115187
0.0445782
0.0741531
-0.0172491
-0.103413
-0.00985026
-0.011318
0.00815409
0.0469647
0.0717827
0.0291679
-0.0252999
0.129237
0.102564
-0.0966185
-0.0360274
-0.0480003
0.0326953
0.115279
-0.0695031
-0.0335043
-0.0278766
0.0689311
0.0363031
-0.000911192
0.0331428
0.0685486
-0.0333134
-0.0589848
-0.0930443
-0.00307847
0.0247744
0.0265084
0.0871768
0.0457123
-0.0390015
-0.0642268
-0.0530553
-0.0655832
0.0224798
-0.0216279
0.039427
0.0569221
-0.00523125
0.0877804
0.0762283
0.0261912
0.135718
-0.0561227
-0.0406985
-0.0681965
0.0222871
0.0438028
-0.0464435
0.0176571
0.0745193
-0.0829983
0.0247151
0.0349442
-0.0211084
0.0508258
0.0268854
0.104088
-0.0565653
-0.0188994
0.0183394
-0.0144472
-0.0266367
0.0792268
-0.0334216
-0.0321822
-0.00477293
-0.0314665
0.0404112
0.0137256
0.0274672
-0.0187763
0.032398
-0.00419389
0.0550394
0.0525933
0.0143446
-0.0466341
-0.0692178
0.0758472
0.00997538
-0.0702533
0.0395996
-0.0265609
0.0351085
0.0711754
-0.0630182
0.0272622
0.0368151
-0.0241864
0.0013786
-0.0438781
-0.0273205
0.0227739
0.0137823
0.0312996
0.025164
-0.0131875
-0.0258343
0.00896121
0.0718106
-0.0773518
-0.0320656
0.0574066
0.0101895
0.0154631
-0.0735228
0.0481235
0.0229987
0.138997
0.00461025
0.0541537
0.00250917
-0.089619
0.0152111
0.0752747
0.0138634
0.0603386
-0.0554882
-0.0136266
-0.0599269
-0.00553657
-0.0862572
0.0280712
0.0135829
0.0225148
0.104063
0.0852265
0.0856235
-0.0768746
-0.000530073
-0.000301361
0.0705205
0.0246985
0.0418599
0.0741114
0.0191497
0.0237188
-0.0329343
0.0883357
-0.0257273
0.0650642
0.0439639
0.0178508
0.0924692
0.0116993
-0.0340218
0.0228268
-0.0164177
0.016626
-0.0962514
-0.0294101
0.0205398
0.055714
0.00761598
-0.0256524
-0.0855531
-0.0300419
-0.0146161
0.0650198
0.0787322
0.0479567
-0.00299878
0.027236
0.0316571
0.064445
0.0749605
-0.00863904
0.0463782
0.0138147
0.0412607
-0.000626411
-0.0332283
0.0555889
-0.0332434
0.026807
-0.0453016
0.0194911
-0.0269596
-0.0413914
-0.050145
0.0483992
-0.00782746
-0.0181914
-0.0338829
0.0511683
0.000424708
-0.003541
-0.0696893
0.0956879
-0.00748565
0.0373842
0.0222357
0.0401819
-0.0425906
0.0771891
-0.0733293
-0.0416916
0.0806215
-0.0285492
0.00522113
0.0871059
-0.0639008
-0.105608
0.0214571
0.00413429
-0.0816982
-0.0818907
-0.0288301
0.00791225
-0.108703
0.0361065
0.0328515
-0.0715123
0.0135705
-0.0538238
0.00140069
-0.024352
-0.0630025
-0.00339539
0.0579606
-0.0305161
-0.0150375
0.0298561
0.000491096
-0.0566617
-0.0296873
0.0455829
0.0737984
-0.0524565
0.0292422
-0.0197248
0.000963386
0.0122299
-0.0288944
-0.0080883
0.0127588
-0.0213108
-0.0278302
0.0157133
-0.0481079
0.0656093
-0.0315621
-0.0485758
-0.0144649
0.0180808
-0.0544012
0.0732275
-0.00672106
-0.0334474
-0.0040577
-0.0345533
0.0140635
0.0210219
-0.0304532
-0.0407723
0.0376603
-0.0694403
-0.0428319
0.015827
0.0615052
-0.0232308
0.0835627
0.00493018
0.028932
-0.00503911
0.0049875
0.0597628
-0.0561566
-0.0660807
-0.00857779
0.104663
0.000282487
-0.0522166
-0.0619311
0.0884384
-0.00133901
-0.0561712
0.0547397
0.0816332
-0.0993759
0.0311721
0.104644
-0.00776806
-0.0201084
-0.0279028
-0.0633738
0.0389022
-0.0864606
-0.0109013
0.00362338
-0.0130776
-0.034656
0.0149709
-0.0396728
-0.0369368
0.0403565
-0.0158046
0.0365327
-0.0687737
0.0718596
0.0262048
-0.0413834
-0.0102767
-0.0360331
0.0247439
0.0034692
-0.0114381
-0.0792518
0.0883442
0.0137302
0.0207764
0.0513805
-0.0120239
0.00024147
-0.00921922
-0.0121735
0.0286475
0.0478721
-0.119872
-0.0529514
-0.0162793
-0.0315008
-0.0402895
0.00981557
-0.0660972
-0.0179835
0.0539035
-0.0148916
-0.023329
0.0190615
-0.0304006
-0.0498586
0.034634
-0.00354814
-0.0541718
0.0915059
-0.000456056
0.0569611
0.0186406
-0.0394557
0.0222587
-0.0643325
-0.0591952
-0.0349531
-0.0845615
0.0282073
-0.0242051
0.00674919
-0.0213149
-0.02167
-0.0456885
-0.0778176
-0.00547206
0.0426054
-0.00864592
0.0462433
0.0613005
-0.0149602
0.0364074
-0.115326
0.116362
0.0354268
-0.00916807
0.015616
0.0136088
-0.06935
-0.0243466
-0.050939
-0.0144926
-0.0918234
-0.0532087
0.0169788
-0.0132679
-0.0227109
0.0872153
0.0250747
-0.0793646
0.066429
0.0192121
0.00293992
-0.0130044
0.00622678
0.0010324
-0.146268
-0.0438554
-0.0495226
0.018513
-0.000424835
0.0286567
0.0317734
0.0626692
-0.0018716
-0.0032074
-0.00901797
-0.0198329
0.0417462
0.0543792
-0.0127718
-0.010464
0.120426
-0.0201305
-0.0651278
-0.11477
0.0354795
0.0106918
0.00268217
-0.0531969
-0.00104952
-0.0494133
-0.0469328
0.0222019
0.0688116
0.120256
-0.0873055
-0.0953726
0.0301595
0.026234
0.00423204
0.104018
-0.0339327
0.057208
-0.000138856
-0.00763072
-0.0199308
0.0441113
-0.0708212
-0.00866748
-0.0673754
0.116276
-0.0385949
0.110177
0.045271
0.144797
0.00379123
-0.0924333
0.00617709
0.00394178
0.0348907
0.0137719
-0.102834
0.0171354
-0.040794
0.0639774
0.0500012
0.138823
-0.046838
-0.160619
-0.000864816
-0.0137393
-0.0141286
0.0200687
0.0848896
0.0455939
-0.0315949
-0.016251
-0.0721637
0.113655
0.0188944
0.0120441
-0.07839
0.0401186
-0.0246068
0.0340089
0.0732801
0.0429194
0.00188083
-0.0252878
-0.02752
-0.0618354
-0.0361526
0.0179486
-0.118623
-0.109708
-0.0136345
-0.0631371
0.105851
0.118707
-0.02061
-0.134714
-0.0617064
-0.053419
-0.0582957
0.0379652
0.0273638
0.0490071
-0.0702134
0.0467185
-0.104898
-0.0202958
0.00366577
0.0072075
0.0183721
0.0183761
-0.0614145
-0.00796642
0.138605
0.100947
0.0215831
-0.0232905
-0.0252308
0.0203051
-0.141952
-0.0443691
-0.0563325
0.145196
-0.0512868
-0.033128
0.186806
0.105305
-0.0838287
-0.11004
-0.0967598
0.0227738
-0.0609172
-0.0425115
0.0850058
0.0762947
-0.109109
0.013057
0.0539623
0.077523
0.0113244
0.0667078
-0.0522127
-0.0517448
0.0304981
0.0111176
0.0680677
0.173165
-0.148272
-0.128667
0.0104366
-0.0481489
-0.161266
0.0152539
-0.0995552
-0.00106416
-0.0449727
-0.0284517
0.141081
0.0927873
-0.00973104
-0.0835049
-0.0525412
-0.0163851
-0.0394919
-0.00360268
0.0240069
0.0742042
-0.11929
0.0627558
0.0197689
-0.00703104
-0.0107732
0.00623492
-0.0220299
-0.0794611
-0.0677869
0.0200552
0.144934
0.0567942
0.0593798
-0.105226
-0.0227226
-0.0496264
0.0334883
0.0249518
-0.175228
0.0210386
0.0270193
-0.108053
0.0670672
0.155942
-0.131009
-0.0870832
-0.0334569
-0.0159383
-0.0577945
0.0268348
0.103913
0.059229
0.000776118
0.055486
0.0417141
-0.0933154
-0.0176088
0.0393085
-0.0524532
0.0812218
-0.011598
-0.000662586
0.115759
0.115436
0.0764439
-0.16066
0.0201083
0.0757499
-0.0165795
0.0215394
-0.0505763
0.0491917
-0.013635
-0.0557764
0.189012
0.210911
-0.0094777
-0.242755
-0.0094312
-0.0908136
-0.0825682
0.105671
0.131637
0.121975
-0.0464334
0.0627015
-0.0296584
0.162876
-0.0181235
-0.0138678
-0.031389
-0.00767634
-0.128857
-0.0810734
0.0755146
0.160589
0.00310607
-0.162493
-0.023843
-0.0291108
-0.107888
-0.0392147
-0.122686
0.0156219
0.0121639
-0.0497288
0.201326
0.104584
-0.023024
-0.093535
-0.0322901
-0.0387366
-0.0183895
0.0434749
0.0516181
0.113148
-0.0423221
0.0287795
-0.000859657
-0.0128887
-0.0334452
-0.046278
-0.0937379
-0.0133061
-0.105269
-0.0755601
0.0696961
0.182841
0.00608738
-0.214548
0.0393428
0.0916169
-0.0304549
-0.0322371
-0.0709209
-0.056284
-0.036349
-0.0956659
0.187928
0.139079
-0.0796946
-0.118373
-0.0643143
0.0149835
-0.00137516
0.0863577
0.0568828
0.0790013
-0.055165
0.00623124
-0.0175154
0.0596741
-0.034196
-0.0456719
-0.0858359
0.00420054
-0.124676
-0.0209631
0.159759
0.213745
0.0466454
-0.106134
-0.0785259
0.0224713
-0.160748
0.00370741
-0.174378
-0.0308951
0.0266156
0.0215333
0.251773
0.133218
-0.0373404
-0.153032
-0.129588
0.00200404
-0.0864985
0.0727137
-0.0325607
0.0297937
-0.029446
0.0130541
-0.0950889
0.138455
-0.0667623
0.0262771
-0.120992
-0.0177834
-0.0992693
0.00523904
0.148357
0.112118
-0.00719273
-0.234101
-0.0307756
-0.0348987
-0.00576388
-0.0323125
-0.0778052
-0.0244701
-0.0236645
-0.0918895
0.102445
0.157324
-0.0968038
-0.102664
-0.0101232
0.0556698
-0.0766096
0.00647621
0.0582036
0.0453949
-0.0551162
0.0560379
0.0384432
0.12299
-0.0427142
0.0804094
-0.108973
-0.0510885
-0.101568
-0.0125074
0.133277
0.217522
0.056847
-0.0257837
-0.0538651
0.109097
-0.0686896
-0.000660411
-0.0417152
-0.0547692
0.0597674
0.0946834
0.185161
0.137079
-0.0593167
-0.0863974
-0.137112
-0.0156416
-0.048398
-0.0551168
0.0238088
0.102445
-0.0442171
0.0926971
0.0319702
0.0801282
-0.0423617
0.0259408
-0.0292544
0.0130264
-0.0883767
-0.055031
0.186021
0.16094
-0.00245645
-0.0517726
-0.0513336
0.0657765
0.0648357
-0.015989
-0.040878
-0.0551724
0.0355061
-0.0137938
0.140207
-0.00891074
-0.00263079
-0.0847995
-0.0804669
0.024889
-0.00463051
-0.0482362
0.0198394
0.0422861
-0.0029875
0.0704536
0.016578
0.0500504
0.100261
-0.0513931
-0.0564374
-0.0152536
-0.00155589
-0.0364257
0.105285
0.0285383
-0.0223029
-0.139808
-0.1716
0.0653679
0.0168735
0.0191825
-0.0687366
0.0210984
-0.0154642
-0.0460975
0.0160209
0.111713
0.0598739
-0.0747622
-0.0113891
0.0356423
-0.0375008
0.0867988
0.0474076
0.13625
0.0232747
0.0161176
0.0532727
-0.0394144
-0.067396
-0.0521849
-0.142564
0.0736663
0.059916
-0.00105116
0.0429309
0.141542
0.0817018
-0.0684372
0.00931192
0.00319196
-0.0505912
-0.0628394
-0.0322014
0.041086
-0.0161825
0.0285454
0.0213091
0.100342
-0.0250647
0.0190024
-0.0484172
0.0172361
-0.0120993
-0.013359
0.0687184
0.0645358
-0.0471999
0.0282768
-0.0669191
0.0270357
0.0282059
-0.109582
-0.0764914
0.0218855
-0.0546737
0.0235856
0.0298555
0.107338
-0.00689534
-0.0238369
0.00844293
0.0334134
-0.0185927
-0.0095888
-0.0337191
0.00180798
-0.105948
-0.0094659
0.142593
0.0674809
0.018968
-0.121089
-0.0467322
0.0784789
-0.0192572
0.0445109
-0.00932943
-0.0427028
-0.0543651
-0.0247542
0.037248
-0.0314504
0.000808456
-0.0183495
-0.0462072
-0.0988495
0.00606988
-0.0867557
-0.0101918
0.0102897
-0.034736
-0.0147192
0.0385013
0.0226799
-0.00367882
-0.0419312
-0.0167138
0.0103771
-0.0813125
0.134274
0.0747435
0.0843555
-0.0691095
0.0534421
-0.03631
-0.0353701
-0.0126583
0.0217629
-0.0218527
0.00773468
-0.00464525
0.00543085
-0.0392352
0.0714638
-0.0217161
-0.00180635
0.023149
0.00660278
-0.00558735
0.0758757
-0.0432473
-0.00278799
0.0295026
0.0495652
0.0327322
-0.0698363
-0.0930187
-0.0110398
-0.0123965
0.0393928
0.0110811
-0.000844265
0.0894567
-0.0696238
-0.064992
-0.000469
-0.110983
0.0317293
-0.0106911
0.0456795
0.0615162
-0.0208902
-0.118916
-0.0147048
0.0529488
-0.0673332
-0.0114059
-0.0606623
0.0941165
0.0546362
0.00248391
0.050339
0.0139046
-0.0113261
-0.00470342
-0.0153756
-0.0217377
-0.0144225
-0.0232051
0.121437
-0.0293637
0.0379732
0.00790575
-0.0215351
-0.00661733
0.0403117
-0.0595021
-0.117712
-0.114955
-0.0393911
0.112527
0.051337
-0.0868183
-0.0714571
0.0343158
0.0493993
-0.0397237
-0.0237559
-0.0577797
-0.025779
-0.0986535
0.00464247
-0.0163828
0.0241871
0.037258
-0.00790729
0.0285088
-0.0357164
0.0712019
-0.0220251
0.0632589
0.0396337
0.0135473
-0.0292591
-0.0508658
0.00222296
-0.0492382
0.0495189
-0.048946
0.0125886
-0.0382936
-0.0531973
0.0135886
0.0128891
-0.0574353
-0.061771
0.0135051
0.051722
0.00864528
0.00970665
0.0136612
0.0500376
-0.0124081
0.0537443
-0.0269612
0.0519552
-0.117523
-0.0729341
0.00887073
0.0388068
0.0659966
-0.00620174
0.0116562
0.00776222
-0.000592115
-0.0644912
0.0028753
-0.0502272
-0.0192506
-0.0331436
-0.0392048
-0.035698
0.0813505
0.00466186
-0.0457934
0.0757293
-0.0759714
0.0472262
-0.023303
-0.00028929
0.0568029
0.0337689
0.0103565
0.0511338
0.0629534
-0.0391063
0.0179731
-0.0185642
0.0589582
-0.0280968
0.00414479
0.0215994
-0.0150079
0.00246766
0.0144102
-0.0864229
-0.041969
0.0105621
-0.0608199
0.0063838
-0.0266092
0.0014687
-0.0220838
0.0129488
0.0195459
0.0295513
0.033927
0.0750235
0.0222547
0.0210754
-0.029368
-0.0471742
-0.0784856
-0.00154589
0.0545128
0.0291402
-0.0356324
0.0968467
-0.0172955
0.00175035
-0.0266168
0.0304436
0.0228563
-0.0265259
-0.00886382
-0.0266376
0.0364664
-0.0304155
0.0207422
-0.0271021
0.0751124
-0.0119414
-0.0595976
-0.0343408
-0.0368512
0.00334065
0.0369087
0.0776046
-0.00928047
0.0437038
-0.113296
0.0181385
-0.0461243
0.0224264
-0.0811119
0.00633706
-0.0842801
0.00230111
-0.0216125
0.0202587
0.0484633
-0.00888111
-0.0148259
-0.0181466
-0.00604844
-0.00114539
-0.0227858
-0.0260673
-0.00850392
0.00388092
-0.0142899
-0.0134413
0.0602035
-0.0228455
0.0493129
-0.0279547
-0.0132528
0.0342841
0.0782492
0.0173365
0.00069177
-0.0144588
-0.00601782
0.0372684
0.0468508
-0.0622679
-0.0459966
-0.0171476
-0.005764
0.0730469
0.0271957
-0.0895041
0.035262
0.0520572
0.0640806
0.0866002
0.0409335
-0.053325
-0.069941
-0.0758336
0.038903
0.0171061
-0.0299394
-0.00412558
-0.00688168
0.0285055
0.0153045
-0.0606088
0.11424
-0.0497265
-0.0330761
0.0248862
-0.0777212
-0.0397714
0.0652928
-0.0511451
0.00404351
-0.0201628
-0.00279161
-0.00535899
0.0202136
-0.0371079
0.0851592
-0.00734144
0.00416526
-0.023102
0.0101752
0.047212
0.00790261
-0.032363
0.0369705
-0.0308021
0.0658884
-0.0477216
-0.0224839
0.0430533
0.0145662
-0.0261104
-0.00239002
-0.027301
0.0359707
0.0173374
0.0196863
-0.0267154
-0.0176209
0.0270967
-0.00780877
-0.0220612
-0.0301355
-0.152252
-0.0245418
-0.00580721
0.000586052
0.0672356
-0.0493053
0.000429283
-0.0386679
-0.00316304
-0.0111463
-0.0155696
-0.00655394
0.0390594
-0.0538188
-0.0225676
-0.0222175
0.0061136
-0.00247585
-0.00846338
-0.0595755
0.0116903
0.0408576
-0.0463185
-0.0337879
0.0425173
0.14227
-0.0152724
-0.0149126
0.0361474
0.0111514
-0.00929152
-0.0761137
0.0528172
0.0334614
-0.0125743
-0.0449201
0.0221025
0.0196482
-0.00109177
0.0146987
0.00363759
-0.0146136
0.0512614
0.0879235
-0.0313008
0.0476176
-0.0412511
0.0239961
0.0757133
0.0424877
0.0258731
-0.0291267
-0.0610478
-0.0303115
-0.0453888
-0.0207873
-0.0385837
-0.0721289
0.0419196
0.125128
0.001199
0.0486796
0.00365409
0.0674738
0.021913
0.0197449
-0.00609159
-0.0841334
-0.00318179
-0.0558516
-0.00127158
0.00558229
0.0428033
0.00271657
0.0738259
-0.0675659
-0.0239428
-0.0176246
0.00217718
-0.0323484
-0.0146471
-0.0305478
0.0497844
0.0593961
0.0144605
-0.125078
-0.0326605
-0.0261184
0.00416554
0.0504939
-0.097446
0.0767095
0.112327
-0.109989
-0.0618268
0.00148907
-0.0276333
0.00960265
0.0634068
0.0318321
-0.119899
-0.100849
-0.0517427
0.01697
0.00106037
-0.0694301
0.103485
0.0587953
-0.0522824
-0.041219
-0.00996002
-0.00362372
-0.0195464
-0.0880168
0.0525286
0.0225407
-0.0333168
0.0347578
0.0481199
0.0132071
0.00220318
-0.0405826
0.0906654
0.00443314
0.0740722
0.0666064
-0.0788494
-0.08124
0.00279373
-0.0617348
0.0904671
-0.00250245
-0.0035533
-0.0081869
-0.0154725
-0.0788636
-0.0432574
-0.00072811
0.0368203
0.00111527
0.0374812
-0.0438403
-0.0478477
0.0591954
-0.0162323
-0.00876223
0.0278995
0.0803753
-0.0270646
0.0340672
-0.0102376
0.0829709
-0.0175556
-0.0157195
0.0200421
0.152442
0.0223673
-0.00281714
0.0368549
-0.0279082
-0.0260806
-0.0384066
0.0239682
-0.00701272
0.0330833
-0.086734
-0.0448412
0.0623633
-0.0315317
-0.0213511
0.054541
0.0132215
-0.0516829
-0.0282313
0.0120049
-0.0404692
0.00453747
0.00686639
-0.0215239
-0.0666766
-0.0247803
0.0523387
0.00407305
-0.0489012
-0.00350797
-0.00896806
-0.053806
-0.00448698
-0.0238962
0.0582879
0.01669
0.0464793
-0.063738
0.0202177
0.0838895
0.0516855
-0.0450917
0.0338809
-0.101715
0.0199394
0.0737807
0.0214624
-0.0758917
-0.0209425
-0.0768534
0.045739
-0.033246
-0.0411442
-0.0121702
0.00639229
0.0589741
0.0205707
-0.011604
0.0176167
0.0106226
0.0328716
0.0959055
0.00834907
-0.0532132
-0.00890555
0.0199389
0.0586526
0.0473762
0.020756
0.011638
-0.046092
0.0557354
0.0364408
0.119488
0.102289
-0.0900532
-0.00855238
0.0133401
-0.0936909
0.00781246
-0.0162599
-0.0690866
0.00336583
-0.0139648
-0.0510554
0.00234091
-0.0487631
-0.0371858
0.0908211
0.0104424
-0.0442487
0.0435275
0.0702325
-0.112317
0.0072913
-0.0348982
-0.0283159
0.0483964
-0.0411341
0.00345562
0.0147244
-0.0138509
0.072451
0.0411296
-0.0865991
0.0038076
0.0382176
0.0241226
0.0208135
0.0129566
0.0349432
0.0490996
0.0590671
0.00149193
-0.126467
-0.0554971
0.0294121
-0.0604012
-0.0468859
-0.0542254
-0.0299874
0.0880441
-0.00465249
0.0626821
0.0376658
-0.00548223
0.0542444
0.0224637
-0.0132416
0.0510514
0.02625
0.0541666
-0.0228472
-0.0158901
0.0542573
-0.00470664
-0.0127877
0.0818525
-0.0293451
0.00226327
-0.0480348
0.011939
0.0753355
0.0678717
-0.0381179
-0.0123097
-0.0896122
-0.0461856
-0.0359042
-0.0181428
-0.0638257
0.11209
-0.0675559
0.0586261
0.0602051
0.0411796
0.0278955
0.0372502
-0.0552422
0.00285001
0.00306514
0.00337855
-0.068113
-0.0600049
-0.00725282
0.0649155
-0.037752
0.0663148
0.0297605
0.0512861
-0.108416
-0.110108
-0.0841216
-0.0546057
0.0629935
0.0685532
0.00564939
-0.0108272
0.0014276
-0.069526
0.0102708
-0.000522095
-0.0733029
0.034571
0.0215171
0.000648258
-0.0234288
0.0347719
-0.0406805
0.0244029
0.134723
0.0535099
0.0882019
0.0562163
0.095413
-0.0445765
0.0233059
0.0312843
0.00871022
-0.0605627
0.0067594
0.0764893
-0.139532
-0.0942141
-0.0403971
-0.0203726
0.0654189
0.051133
-0.0732131
-0.0333789
0.00454043
-0.111257
-0.106076
-0.0701359
0.0531626
0.0249339
-0.00663843
-0.0392374
-0.0219922
0.0230872
-0.0298406
-0.0582973
0.00850226
-0.041844
-0.0519635
-0.00693273
0.0223795
-0.0242144
-0.000286452
-1.33594e-05
-0.0456069
0.0355857
0.0362524
0.0268533
0.00487014
-0.0200641
0.0136452
0.0219073
-0.0144966
0.0693051
-0.0303264
0.0030622
-0.0145991
-0.0525674
-0.0581828
-0.00641087
-0.0127457
-0.0257561
-0.0384088
-0.0751476
0.0903052
0.0226867
0.00915179
-0.0894061
-0.0118441
0.0630986
-0.00651005
0.0513701
0.0175359
0.0449303
-0.0281743
0.0156651
-0.0582239
0.00188626
-0.031001
0.0399695
-0.0340355
-0.027146
-0.0152404
0.00394231
0.0440251
-0.0292513
0.0159035
0.0941292
0.00184171
0.00094691
-0.00280915
-0.000686647
0.0374595
-0.0484262
-0.0275634
-0.0688145
0.119194
0.00753002
-0.0251296
-0.010096
-0.0469615
-0.0284796
-0.0421394
-0.0249409
-0.0264875
0.0211771
0.0358247
0.0185271
0.0497579
-0.00665127
-0.102307
0.073178
-0.0731106
0.0330744
-0.0114003
-0.101609
0.0429054
0.0268931
0.0233811
0.00327113
0.0120377
0.118107
0.00862104
-0.0296757
0.0345468
-0.0259873
-0.103302
-0.0565346
-0.0215415
0.0812881
-0.0733659
0.0784554
0.0126247
0.0165016
-0.0460035
0.00974399
0.0217346
-0.0700183
0.00526293
0.00394051
-0.0124312
0.026711
0.0107904
-0.00422117
-0.00026251
-0.050836
0.00587596
-0.084337
-0.0360052
-0.0223322
-0.0984805
-0.0530937
-0.0307012
-0.0218378
0.0502289
0.0421794
-0.0184016
0.0020842
-0.00395824
0.00545923
0.0172637
-0.0385668
0.0496589
0.05319
-0.0247723
-0.0364613
0.0403599
-0.0602966
0.00708166
-0.00591935
0.0461847
0.039155
-0.00418868
0.0336454
-0.0239137
0.0228067
-0.0634198
-0.0368906
0.00466325
0.0807522
-0.0222718
0.0407815
-0.020977
0.0202428
-0.0332959
-0.068838
-0.0078998
0.0162921
0.0381658
-0.0386072
-0.0181068
-0.12413
0.129566
-0.0832741
0.0532438
0.0387562
0.00383049
0.071592
0.0356356
-0.0940999
-0.0701728
0.124544
-0.00165972
0.119189
-0.04793
0.0463204
-0.0226516
-0.0340812
-0.0351012
-0.0423501
0.104675
0.00892962
-0.0382743
-0.0387134
-0.0278342
0.067591
-0.0499783
0.0277326
-0.0124033
0.0207983
0.04444
0.0300979
-0.0898404
-0.0188212
0.208256
0.0500674
-0.0652663
-0.0659598
0.0669126
-0.0285838
0.00441608
0.0197114
0.0041207
0.01138
0.00610943
0.0696104
0.0221061
0.0606786
0.114358
0.0502722
0.0558283
0.0941221
-0.0662845
0.0272894
-0.025992
0.00825366
-0.0436074
0.0294753
0.00513956
-0.00406985
-0.0236068
-0.0155976
0.0142019
-0.0419972
0.0572791
0.0138419
-0.042861
0.0161266
-0.0597798
-0.0679009
-0.00999018
-0.100047
-0.0107657
0.013378
-0.148792
8.02668e-05
-0.0433499
-0.0152741
0.0532578
-0.00192556
0.0478442
-0.0370163
0.0263341
-0.0738967
-0.042332
-0.0225736
0.0363673
-0.0490763
0.0197265
0.0954032
0.0744227
-0.0091974
-0.00693008
-0.0212002
0.00801407
0.053235
-0.0406953
-0.069807
-0.00128147
0.0184942
0.0395706
0.0460152
0.0581639
0.0336806
-0.0203303
-0.0105214
-0.0172176
-0.0216333
0.0413142
0.162705
-0.0348649
0.0210634
0.0371836
-0.0890049
0.00506353
-0.00894694
0.0521611
0.0338098
0.0348054
0.0524762
0.00267211
-0.0859146
0.0138441
-0.0070817
-0.021415
0.018864
0.0719147
-0.087826
0.0281756
0.0403339
0.0671815
-0.0169772
-0.0269239
-0.0316641
-0.0184275
0.0790702
0.0484744
0.0558571
-0.00442815
-0.0167189
0.0109844
-0.0374413
0.124562
-0.00547454
-0.101618
0.116931
-0.0132852
-0.0193205
0.0765559
-0.0502144
0.0782172
0.0507235
0.0468455
-0.0543726
0.0442925
-0.0170515
-0.0118368
-0.0128132
0.0827759
-0.0328315
0.044667
0.0343113
-0.0569483
0.0166651
0.0454605
-0.125208
-0.0211537
-0.00285009
-0.0181557
0.0440725
0.0327843
0.0404345
0.0717299
0.0118597
0.0872184
-0.072539
0.0031756
-0.0410383
-0.057865
-0.0479514
-0.0155142
0.0418404
0.0508508
0.0397723
0.000610469
0.0237227
-0.0521267
0.0536272
0.0432469
0.0434619
-0.0357057
-0.0478194
0.0130859
0.0851826
-0.00122856
0.0607877
-0.0171437
-0.00829065
0.00898225
-0.00668252
0.0738145
-0.010137
-0.0501572
-0.0313146
-0.0664923
0.0492242
0.0448948
-0.0160248
-0.0185799
-0.0466509
0.0610013
-0.0551658
-0.0215834
0.00965025
0.0829865
-0.0243075
0.0409255
0.103634
-0.0226854
0.0361787